,Id,TagName,Count,ExcerptPostId,WikiPostId
0,1,.net,1069,680,679
1,2,asp.net-web-api,215,3029,3028
2,3,delphi,165,20,19
3,4,c++,3420,15,14
4,5,string,1030,585,584
5,6,casting,23,6304,6303
6,7,google-maps,569,891,890
7,8,angularjs,1385,22,21
8,9,jasmine,7,1701,1700
9,10,karma-jasmine,8,6753,6752
10,11,typescript,1186,737,736
11,12,perl,65,306,305
12,13,ios,660,616,615
13,14,xcode,418,690,689
14,15,elixir,3,4210,4209
15,16,javascript,23924,86,85
16,18,ruby-on-rails,750,4000,3999
17,20,ruby,479,283,282
18,21,vistas,82,662,661
19,23,jquery,9199,500,499
20,24,android,9061,116,115
21,25,socket,250,5008,5007
22,26,tcpip,17,641,640
23,27,tcp,38,643,642
24,28,mysql,11454,99,98
25,29,datetime,320,1672,1671
26,30,timestamp,64,692,691
27,31,sql,8030,144,143
28,34,join,225,9788,9787
29,35,oracle,1139,578,577
30,36,oracle-10g,23,590,589
31,37,asp.net,2454,494,493
32,38,bower,10,186,185
33,39,c++11,157,869,868
34,41,google-apps-script,275,893,892
35,42,momentjs,60,730,729
36,44,http,330,1525,1524
37,45,post,375,5268,5267
38,47,kendoui,20,1549,1548
39,49,bash,614,682,681
40,50,c#,11325,125,124
41,51,java,17363,173,172
42,52,spring,719,684,683
43,53,hibernate,413,672,671
44,54,python,11286,242,241
45,55,variables,528,7109,7108
46,58,git,654,183,182
47,62,laravel,5585,166,165
48,63,php,24129,409,408
49,64,ajax,4058,686,685
50,65,html,12914,164,163
51,66,css,5569,114,113
52,67,fish,3,28246,28245
53,68,android-intent,136,10023,10022
54,69,android-asynctask,142,17927,17926
55,70,linux,1418,327,326
56,71,shell,256,700,699
57,72,sed,57,698,697
58,73,awk,63,1684,1683
59,74,android-layout,570,650,649
60,75,unidades-de-medición,3,,
61,77,pharo,3,1153,1152
62,78,smalltalk,5,696,695
63,80,regex,904,240,239
64,81,email,398,706,705
65,82,validación,455,1674,1673
66,83,rendimiento,68,10026,10025
67,84,optimización,128,834,833
68,88,wcf,128,1680,1679
69,89,soap,253,688,687
70,90,soapui,25,1626,1625
71,96,try-catch,67,27860,27859
72,97,str-replace,43,10043,10042
73,99,git-commit,60,1002,1001
74,100,dukescript,3,652,651
75,101,admob,53,867,866
76,103,funciones,866,5006,5005
77,105,jvm,15,631,630
78,107,eclipse,584,919,918
79,108,depuración,77,2363,2362
80,109,jboss,44,1610,1609
81,110,vagrant,32,1592,1591
82,111,puppet,1,716,715
83,114,doctrine,55,5395,5394
84,115,doctrine2,45,5493,5492
85,116,matemáticas,139,3899,3898
86,117,coma-flotante,11,5274,5273
87,119,laravel-5,1950,216,215
88,123,zsh,14,531,530
89,124,django,2128,658,657
90,128,constructor,108,2395,2394
91,129,clase-abstracta,33,10037,10036
92,130,mercurial,4,887,886
93,131,control-de-versiones,34,1608,1607
94,132,pip,93,7107,7106
95,133,ubuntu,679,529,528
96,134,python-2.7,583,1519,1518
97,135,entity-framework,479,1392,1391
98,136,model-view-controller,72,1697,1696
99,138,formularios,898,1836,1835
100,139,html5,4085,527,526
101,140,comparaciones,87,6306,6305
102,141,knockoutjs,28,1541,1540
103,146,css3,1514,965,964
104,147,3d,21,1620,1619
105,148,importación,47,30748,30747
106,149,numpy,345,4811,4810
107,150,array,3050,843,842
108,152,google-newsstand-producer,1,533,532
109,153,objective-c,98,523,522
110,154,swift,609,694,693
111,160,visual-studio,1529,929,928
112,161,programación-funcional,116,525,524
113,162,android-softkeyboard,10,26491,26490
114,164,nodejs,3016,674,673
115,165,ec2,38,3477,3476
116,166,npm,314,1655,1654
117,167,aurelia.io,2,1596,1595
118,168,select2,117,4880,4879
119,169,rspec,6,656,655
120,170,python-3.x,4049,1521,1520
121,171,xml,1040,496,495
122,172,codificación,77,9657,9656
123,173,utf-8,126,865,864
124,174,cordova,218,1033,1032
125,175,algoritmos,380,704,703
126,176,condiciones,487,6269,6268
127,177,loops,153,728,727
128,180,licencias,28,7113,7112
129,182,código-abierto,1,726,725
130,184,json,3088,749,748
131,185,gson,65,3222,3221
132,186,sql-server,4015,613,612
133,187,youtube,46,722,721
134,188,verilog,5,597,596
135,190,netbeans,918,670,669
136,191,plugin,129,714,713
137,192,c,2399,583,582
138,194,manejo-de-memoria,107,1717,1716
139,195,pdf,536,389,388
140,196,reportlab,23,5685,5684
141,197,azure,147,848,847
142,199,maven,238,521,520
143,200,android-auto,1,647,646
144,201,spring-roo,11,2769,2768
145,202,gvnix,17,4882,4881
146,205,punteros,276,517,516
147,206,excepciones,203,1715,1714
148,208,office365,20,6094,6093
149,209,mongodb,915,712,711
150,210,genexus,135,606,605
151,212,devices,8,925,924
152,217,sequelize.js,61,2639,2638
153,218,struts,38,724,723
154,219,hql,33,3278,3277
155,220,jpa,350,1574,1573
156,221,seam,3,,
157,223,dom,273,702,701
158,226,excel,1161,1394,1393
159,227,vba,624,498,497
160,231,directorioactivo,29,9784,9783
161,232,smartcard,8,31834,31833
162,233,java-ee,306,1678,1677
163,234,servlets,238,720,719
164,235,yii2,125,1385,1384
165,236,lenguaje-agnóstico,50,1523,1522
166,238,google-hoja-de-cálculo,271,4806,4805
167,240,archivo,655,741,740
168,243,object,172,10030,10029
169,247,sandbox,6,921,920
170,249,seguridad,167,4875,4874
171,255,djangorestframework,158,4871,4870
172,256,api,1120,676,675
173,257,permisos,110,9798,9797
174,259,signalr,33,889,888
175,260,real-time,31,15084,15083
176,264,hilos,373,5322,5321
177,266,matrices-asociativas,8,,
178,267,ordenamiento,180,1604,1603
179,268,booleano,71,708,707
180,269,conda,14,1111,1110
181,270,matplotlib,304,710,709
182,271,pyqt5,266,28788,28787
183,272,embebido,29,30616,30615
184,273,pouchdb,2,1699,1698
185,276,github,305,831,830
186,277,git-push,82,1851,1850
187,278,git-fork,7,1853,1852
188,280,sharepoint,31,2530,2529
189,281,sharepoint-online,15,7926,7925
190,283,go,92,645,644
191,285,servicio,146,639,638
192,286,ssis,50,20482,20481
193,287,conversión-de-tipos,77,1554,1553
194,288,i18n,15,1848,1847
195,290,ide,65,863,862
196,292,google-forms,31,10035,10034
197,293,uiwebview,9,5318,5317
198,294,ios8,8,1682,1681
199,295,sublimetext,30,798,797
200,296,sublimetext3,99,1694,1693
201,297,phpmyadmin,968,1855,1854
202,300,clase,268,829,828
203,301,método,161,827,826
204,302,rsync,9,9873,9872
205,305,asp.net-core,481,1713,1712
206,306,yii,45,1042,1041
207,307,yiibooster,1,1387,1386
208,308,cache,84,802,801
209,312,wordpress,1424,825,824
210,313,android-sqlite,185,5262,5261
211,314,haskell,104,885,884
212,316,estructuras-de-datos,304,1622,1621
213,320,pillow,28,7099,7098
214,322,tipos,29,1566,1565
215,323,navigationview,37,27823,27822
216,324,unix,147,857,856
217,325,grep,46,1517,1516
218,326,ascii,55,861,860
219,328,wpf,420,1390,1389
220,329,xaml,136,1538,1537
221,330,asincronismo,68,7119,7118
222,331,indexeddb,15,878,877
223,332,vb.net,1323,883,882
224,333,nosql,62,1513,1512
225,334,reactjs,1837,923,922
226,336,reflexión,9,27830,27829
227,338,automapper,19,28285,28284
228,339,xpath,87,1711,1710
229,340,poo,1009,1606,1605
230,341,thymeleaf,77,1689,1688
231,342,vpn,24,1038,1037
232,343,django-models,448,1667,1666
233,344,users-roles,49,30736,30735
234,345,nginx,170,1865,1864
235,346,logrotate,2,7097,7096
236,347,configuración,84,9655,9654
237,352,asp.net-mvc-5,761,1572,1571
238,353,razor,276,2115,2114
239,355,rss,12,975,974
240,358,windows-forms,1181,1761,1760
241,359,latex,52,987,986
242,360,r,1495,990,989
243,361,ggplot2,123,1045,1044
244,362,ms-access-2010,45,9791,9790
245,363,jersey,24,1210,1209
246,364,atmosphere,2,1109,1108
247,365,swagger,34,1104,1103
248,366,abap,6,2478,2477
249,368,postgresql,1198,1080,1079
250,369,rodbc,3,,
251,370,java-8,269,2369,2368
252,372,bigdecimal,17,23159,23158
253,373,redondeo,21,10028,10027
254,374,double,70,1612,1611
255,375,nuget,34,1397,1396
256,376,web2py,23,1670,1669
257,377,magento2,38,9813,9812
258,378,backbone,13,1383,1382
259,379,bootstrap,2282,1536,1535
260,380,apache-poi,68,1190,1189
261,381,ssms,34,1192,1191
262,382,swift2,172,1583,1582
263,384,tsql,88,1206,1205
264,386,azure-storage,16,1863,1862
265,388,sqlite3,126,1338,1337
266,389,bookmarklet,1,1255,1254
267,390,gmail,85,1257,1256
268,391,lista,1004,1624,1623
269,394,windows,689,1676,1675
270,395,avd,11,1288,1287
271,396,firebird,51,1302,1301
272,397,facebook,154,2360,2359
273,398,internet-explorer-11,16,3159,3158
274,400,asp.net-mvc,1282,1581,1580
275,401,yield,9,,
276,403,visual-studio-2010,45,5314,5313
277,404,wolfram-mathematica,3,1365,1364
278,406,multitasking,13,1719,1718
279,407,underscorejs,7,1529,1528
280,409,jboss-eap,11,2933,2932
281,410,ember.js,6,1406,1405
282,411,corona,3,1401,1400
283,412,clojure,4,2418,2417
284,414,consola,184,1615,1614
285,415,proceso,45,7105,7104
286,416,paso-por-valor,6,5270,5269
287,417,paso-por-referencia,25,5266,5265
288,418,debian,161,1463,1462
289,419,ntfs,1,1515,1514
290,420,qt,257,1481,1480
291,421,jquery-datepicker,58,1562,1561
292,423,google-drive,75,1569,1568
293,425,couchdb,6,1639,1638
294,426,jdbc,177,1579,1578
295,427,firebase,1461,2537,2536
296,428,meteor,34,1641,1640
297,430,cuenta-usuario,26,,
298,431,spring-mvc,207,1691,1690
299,432,seo,94,1637,1636
300,435,joomla3,55,2358,2357
301,436,sqlfiddle,6,5687,5686
302,439,jsf,431,1777,1776
303,440,primefaces,299,1857,1856
304,442,localización,14,1764,1763
305,443,base64,110,1838,1837
306,446,mysqli,1505,2355,2354
307,447,motor-de-juego,20,9795,9794
308,448,xhtml,57,1897,1896
309,451,oracle-11g,243,1895,1894
310,452,codeigniter,774,4884,4883
311,453,codeigniter-3,181,7293,7292
312,455,jquery-mobile,32,1893,1892
313,456,makefile,28,1900,1899
314,457,ionic,794,2353,2352
315,460,visual-studio-2015,352,1939,1938
316,461,arduino,240,1941,1940
317,464,gstreamer,5,31923,31922
318,465,unity3d,198,1995,1994
319,466,eventos,298,5392,5391
320,467,dns,95,2351,2350
321,468,iana,1,17340,17339
322,470,2d,10,2146,2145
323,472,google-chrome,148,2367,2366
324,473,oauth,30,2044,2043
325,475,android-studio,4175,2227,2226
326,477,clickonce,11,2048,2047
327,478,deployment,80,6302,6301
328,481,alfresco,5,2088,2087
329,482,ftp,145,2097,2096
330,484,jsfiddle,7,7928,7927
331,485,scss,93,9663,9662
332,486,uwp,56,2141,2140
333,487,celery,7,28811,28810
334,488,io,13,31809,31808
335,489,powershell,146,2138,2137
336,491,sass,118,2144,2143
337,493,gulp,66,3902,3901
338,494,gulp-sass,13,28853,28852
339,495,hapijs,1,2192,2191
340,498,gradle,145,2170,2169
341,499,operador,91,2207,2206
342,500,webgl,7,2365,2364
343,502,google-datastore,5,3655,3654
344,503,google-app-engine,48,3133,3132
345,504,objectify,2,3653,3652
346,505,constantes,15,4400,4399
347,506,tkinter,788,7103,7102
348,507,linq,455,2372,2371
349,508,apache,603,2347,2346
350,511,base-de-datos,2590,5010,5009
351,512,dup,1,3364,3363
352,513,subversion,4,2414,2413
353,514,svn,18,2416,2415
354,515,parse.com,10,2422,2421
355,516,highcharts,161,2476,2475
356,518,azure-redis,2,,
357,519,split,104,34740,34739
358,521,entity-framework-6,166,2712,2711
359,522,ingeniería-inversa,7,7131,7130
360,524,binding,50,24743,24742
361,525,mvvm,80,2719,2718
362,526,swt,2,2745,2744
363,527,.htaccess,448,3026,3025
364,528,redirección,121,9802,9801
365,529,reescritura-url,12,9800,9799
366,530,mod-rewrite,53,9659,9658
367,531,pm2,14,3362,3361
368,532,pycharm,76,2774,2773
369,534,linq-to-sql,69,2714,2713
370,536,dbml,1,2777,2776
371,537,windows-installer,14,2931,2930
372,538,scala,41,2717,2716
373,539,internet-explorer,58,3157,3156
374,540,internet-explorer-9,6,15078,15077
375,542,sqlite,515,2725,2724
376,543,spring-security,86,2758,2757
377,544,windows10,192,2765,2764
378,546,conflictos,5,,
379,547,visual-studio-2013,75,2923,2922
380,548,revisión-de-código,138,2785,2784
381,550,google-visualization,25,64672,64671
382,552,angular-directivas,63,9999,9998
383,553,ecmascript-2015,31,2842,2841
384,554,c++98,16,16818,16817
385,555,express,701,2909,2908
386,556,gpg,6,2907,2906
387,559,javadoc,6,2904,2903
388,560,registro-windows,13,2936,2935
389,562,less,15,3482,3481
390,563,asp,272,2979,2978
391,564,midi,2,2983,2982
392,565,bundler,9,3599,3598
393,566,gemfile,5,3117,3116
394,568,filtros-css,4,,
395,569,d3.js,46,3017,3016
396,572,plsql,283,3107,3106
397,573,sqldeveloper,52,3155,3154
398,575,docker,294,3280,3279
399,576,lyx,3,3189,3188
400,577,iis,220,3109,3108
401,578,azul-zulu,1,3092,3091
402,579,drools,5,3105,3104
403,580,rabbit-mq,3,3205,3204
404,583,amcharts,10,4774,4773
405,584,geolocalización,109,7117,7116
406,585,java-9,10,3226,3225
407,587,spring-webflow,1,3259,3258
408,590,as400,13,5924,5923
409,594,jsp,639,3474,3473
410,595,cq5,2,22867,22866
411,596,aem,2,22859,22858
412,598,tinymce,22,4803,4802
413,599,pygame,91,3486,3485
414,601,ponyorm,3,3663,3662
415,602,bottle,5,5919,5918
416,603,test-ng,15,15626,15625
417,605,django-admin,99,5210,5209
418,606,django-forms,257,5221,5220
419,607,diálogo,39,28732,28731
420,608,tweepy,20,3539,3538
421,611,symfony2,156,5316,5315
422,613,fullcalendar,161,3648,3647
423,614,internacionalización,12,7125,7124
424,617,rest,405,5272,5271
425,619,xstream,2,7093,7092
426,620,spring-tool-suite,32,4393,4392
427,622,aplicación-web,348,9636,9635
428,623,iron-router,2,28837,28836
429,625,java-swing,700,5499,5498
430,626,requirejs,8,3818,3817
431,627,babeljs,19,3861,3860
432,629,javafx,357,3863,3862
433,630,bootstrap-carousel,45,3834,3833
434,631,asterisk,9,3866,3865
435,632,lazarus,8,3882,3881
436,633,angularjs-2.0,266,3885,3884
437,634,pagejs,1,3905,3904
438,635,material-design-lite,13,3935,3934
439,638,jade,37,3988,3987
440,639,android-glide,28,3994,3993
441,640,zip,66,4396,4395
442,643,curl,192,4324,4323
443,644,mono,14,4078,4077
444,645,zepto,1,5143,5142
445,647,groovy,37,4150,4149
446,648,serialización,85,4192,4191
447,649,sailsjs,18,4189,4188
448,650,genymotion,12,5883,5882
449,652,crystal-reports,144,4326,4325
450,653,twitter-api,39,4809,4808
451,654,wasync,1,4328,4327
452,655,ms-acces-2007,6,4391,4390
453,656,ensamblador,89,4389,4388
454,657,masm,9,4386,4385
455,658,selenium,300,4365,4364
456,661,xamarin,401,4426,4425
457,662,moodle,42,4462,4461
458,663,md5,27,4468,4467
459,664,encriptación,101,4644,4643
460,667,jboss-as-7,4,28238,28237
461,668,inyeccion-de-dependencias,35,4751,4750
462,672,datepicker,182,6309,6308
463,673,libgdx,29,17118,17117
464,676,sync-framework,3,4749,4748
465,677,interop,25,,
466,678,genéricos,4,,
467,680,extjs,47,5136,5135
468,681,autocompletar,55,32396,32395
469,682,jquery-ui,129,5026,5025
470,683,jspdf,71,5021,5020
471,686,android-drawerlayout,34,26794,26793
472,687,drag-and-drop,33,5280,5279
473,688,agarrar-y-soltar,1,5278,5277
474,689,django-smart-selects,6,,
475,690,oauth2,50,5284,5283
476,692,formulas,45,5163,5162
477,695,date,690,9643,9642
478,698,animación,111,5282,5281
479,699,pyqt,134,27818,27817
480,700,bluetooth,69,5276,5275
481,701,odoo,101,5913,5912
482,702,álgebra-relacional,5,7123,7122
483,703,prestashop,118,5689,5688
484,704,odata,7,15591,15590
485,705,apache-shiro,1,5389,5388
486,707,materialize,166,11632,11631
487,708,wso2,13,,
488,709,kerberos,3,5909,5908
489,710,java-stream,22,26787,26786
490,711,magento-1.9,2,9811,9810
491,712,eficiencia,27,15075,15074
492,715,angularjs-injector,7,,
493,717,richfaces,10,17014,17013
494,718,unreal-engine,6,5907,5906
495,720,soundpool,7,9818,9817
496,721,slack-api,6,9821,9820
497,722,árboles,20,7121,7120
498,723,árboles-binarios,46,5901,5900
499,724,webpack,147,5692,5691
500,728,wireshark,5,5896,5895
501,729,twig,72,9871,9870
502,731,indices,46,31813,31812
503,733,autenticación,113,5794,5793
504,735,handlebars.js,32,5808,5807
505,737,plotly,26,5850,5849
506,738,reportviewer,122,5853,5852
507,739,lua,40,5861,5860
508,740,polymer,22,5880,5879
509,741,hashmap,62,5911,5910
510,742,map,153,5905,5904
511,743,bitmap,58,5899,5898
512,744,jquery-validate,87,6098,6097
513,745,mybatis,11,5987,5986
514,746,spritekit,9,17247,17246
515,747,rubygems,79,17152,17151
516,748,electron,90,5996,5995
517,749,google-plus,3,7127,7126
518,750,google+,6,7129,7128
519,752,grails,50,6300,6299
520,753,heroku,162,6624,6623
521,754,generator,6,,
522,757,paypal,72,7115,7114
523,758,matlab,109,6090,6089
524,759,modulación,2,15103,15102
525,760,frecuencia,7,,
526,761,local-storage,121,6109,6108
527,762,jenkins,49,16012,16011
528,763,react-native,508,6190,6189
529,764,angular2-template,22,7076,7075
530,766,trigger,288,9653,9652
531,767,intel-xdk,4,6238,6237
532,770,sobrecarga,17,31614,31613
533,771,mongoose,393,6373,6372
534,774,jasper-reports,154,15515,15514
535,775,diseño,100,9648,9647
536,776,windows-phone,11,9638,9637
537,777,typings,4,,
538,778,vscode,193,6416,6415
539,781,android-viewpager,37,26494,26493
540,782,herencia,166,9646,9645
541,783,reflection,22,27833,27832
542,784,cabeceras-http,29,10039,10038
543,786,devexpress,89,13886,13885
544,787,adword,4,23768,23767
545,788,setinterval,56,,
546,789,odbc,62,7111,7110
547,790,xampp,450,9249,9248
548,795,ejb,49,9786,9785
549,796,atom-editor,39,7081,7080
550,797,openlayers,27,7095,7094
551,798,openlayers-3,8,44960,44959
552,799,zend,32,9809,9808
553,804,websocket,106,9366,9365
554,805,progressbar,68,27885,27884
555,806,coffeescript,8,7394,7393
556,807,pdo,646,9350,9349
557,808,cms,29,9174,9173
558,809,visual-c++,42,9807,9806
559,810,dev-c++,188,9782,9781
560,813,svg,131,9720,9719
561,815,zoom,22,17122,17121
562,816,viewport,9,10046,10045
563,817,scale,5,,
564,819,sencha-touch,4,25380,25379
565,820,anaconda,98,27881,27880
566,822,bitbucket,28,14892,14891
567,823,material-design,95,10112,10111
568,824,phonegap,81,19594,19593
569,825,wildfly,38,8137,8136
570,826,jmc,1,8139,8138
571,827,cmd,309,16107,16106
572,828,visual-studio-ts,1,8169,8168
573,829,transacciones,69,10041,10040
574,830,.htpasswd,4,10048,10047
575,831,picturebox,31,,
576,833,quicksort,19,15080,15079
577,836,prolog,70,8577,8576
578,839,unity2d,81,16247,16246
579,840,preprocesador,8,16737,16736
580,841,glassfish,93,9342,9341
581,843,opengraph,6,26810,26809
582,844,ng-cordova,18,8671,8670
583,845,recyclerview,306,24651,24650
584,848,xamarin.forms,290,25372,25371
585,850,kivy,82,8892,8891
586,851,socket.io,124,8929,8928
587,852,vue.js,1236,9665,9664
588,854,jqgrid,30,9805,9804
589,859,firefox,95,9297,9296
590,860,jsonp,23,9363,9362
591,863,tomcat,230,9712,9711
592,865,cucumber,13,17245,17244
593,867,x86,14,14450,14449
594,870,autofac,2,9933,9932
595,871,csv,498,9945,9944
596,872,ldap,30,14899,14898
597,873,openldap,11,16110,16109
598,874,google-play,104,10205,10204
599,875,gps,69,11189,11188
600,876,cython,5,10015,10014
601,877,crontab,55,31216,31215
602,878,ant,8,10199,10198
603,881,winapi,20,16719,16718
604,883,netcdf4,6,31859,31858
605,884,lambda,94,20769,20768
606,885,inyección-sql,13,31230,31229
607,886,jersey2,2,31928,31927
608,888,pfsense,3,29503,29502
609,889,gpl,3,,
610,890,arcgis,8,11191,11190
611,891,julia,7,11080,11079
612,892,webservice,818,11098,11097
613,893,emmet,9,28266,28265
614,894,layout,111,15098,15097
615,895,profiler,1,15100,15099
616,896,foundation,11,11459,11458
617,897,ngroute,15,28244,28243
618,898,httpd,11,16606,16605
619,899,centos,111,15575,15574
620,900,wav,5,11605,11604
621,901,realm,24,11534,11533
622,903,android-widget,13,11689,11688
623,906,alertdialog,71,20577,20576
624,908,stylus,6,12962,12961
625,911,laravel-4,31,20467,20466
626,912,gridview,139,20465,20464
627,915,jooq,1,17343,17342
628,916,mariadb,313,13228,13227
629,917,virtualbox,70,13311,13310
630,918,multichoice,8,,
631,919,pyinstaller,73,13525,13524
632,920,twitter,49,13878,13877
633,921,facebook-api,76,16708,16707
634,922,adfs,5,294683,294682
635,923,searchview,33,27866,27865
636,924,arrayadapter,28,31236,31235
637,925,jboss-5.x,2,,
638,926,powerbuilder,9,31868,31867
639,929,push-notification,122,14063,14062
640,930,sharedpreferences,72,27852,27851
641,931,promesas,154,13943,13942
642,932,markdown,28,13970,13969
643,934,xlrd,5,17124,17123
644,936,listview,247,20668,20667
645,937,edittext,93,,
646,938,android-fragment,419,26487,26486
647,939,scroll,160,26812,26811
648,943,formas,2,32382,32381
649,946,canvas,248,15057,15056
650,947,apache-spark,44,108074,108073
651,948,combobox,182,15573,15572
652,949,grid,62,30761,30760
653,951,log4j,17,14778,14777
654,952,spring-boot,560,14876,14875
655,953,alamofireimage,2,,
656,954,uitableviewcontroller,7,,
657,956,asm-pic,1,15065,15064
658,957,required,17,28462,28461
659,959,rust,11,15278,15277
660,960,diagrama-de-flujo,16,31898,31897
661,961,uitableview,28,25366,25365
662,962,enum,44,15298,15297
663,963,template,112,15301,15300
664,965,gtk,32,16403,16402
665,968,mpdf,46,15410,15409
666,969,gif,17,15520,15519
667,970,app,187,22281,22280
668,971,docx,19,,
669,973,c++1z,6,15504,15503
670,974,c++-faq,1,15506,15505
671,975,estándares,7,15502,15501
672,976,google-places,10,28842,28841
673,977,sha512,2,16220,16219
674,978,div,168,15675,15674
675,979,accordion,18,17265,17264
676,980,iteraciones,11,31866,31865
677,981,login,420,24274,24273
678,982,android-jellybean,2,23157,23156
679,983,criptografía,22,31893,31892
680,984,firma-digital,35,31807,31806
681,986,menú,140,27813,27812
682,987,atmel,4,28796,28795
683,989,wikitude,1,17140,17139
684,990,smartgwt,5,15781,15780
685,991,whatsapp,51,17143,17142
686,992,c3.js,5,74947,74946
687,993,jupyter,152,32454,32453
688,994,ipython,25,348697,348696
689,995,uicollectionview,14,,
690,996,factorial,14,15829,15828
691,998,safari,42,17126,17125
692,1000,buscador,63,31804,31803
693,1002,mapsforge,5,16026,16025
694,1004,constraints,19,31891,31890
695,1005,snapkit,1,23318,23317
696,1007,delphi-2010,25,34927,34926
697,1009,webview,114,20460,20459
698,1010,scrapy,61,17161,17160
699,1011,adobe-muse,4,20489,20488
700,1013,regsvr32,2,,
701,1018,oracle-sqldeveloper,185,26518,26517
702,1020,css-transform,22,16668,16667
703,1021,volatile,5,17145,17144
704,1024,back-button,6,,
705,1028,parsear,60,31881,31880
706,1030,webview-android,65,19585,19584
707,1031,arquitectura,24,32393,32392
708,1034,cast,43,31796,31795
709,1036,wordpress-theme,136,17138,17137
710,1038,pic,9,28785,28784
711,1039,ccs,15,32287,32286
712,1041,querystring,11,28464,28463
713,1042,cocoapods,13,65263,65262
714,1043,jwt,123,26816,26815
715,1045,ksoap,12,28833,28832
716,1048,ssrs,29,25374,25373
717,1049,digitalocean,28,,
718,1050,pascal,69,17349,17348
719,1051,video-adaptativo,5,17394,17393
720,1052,hls,3,17396,17395
721,1053,symfony3,143,34059,34058
722,1056,webforms,225,20512,20511
723,1059,response,34,,
724,1060,callback,46,19673,19672
725,1061,agregación,10,,
726,1062,aws,182,25368,25367
727,1064,orm,105,25378,25377
728,1065,cil,2,18202,18201
729,1067,arm,13,21418,21417
730,1068,intel-atom,1,28849,28848
731,1069,mvc,1030,19964,19963
732,1072,mootools,1,19591,19590
733,1075,namespace,25,31932,31931
734,1076,python-2.x,91,19587,19586
735,1081,websphere,16,20154,20153
736,1082,teoría,8,31788,31787
737,1085,windows-mobile,12,20163,20162
738,1086,flask,263,30793,30792
739,1087,almacenamiento,19,,
740,1088,url,288,19999,19998
741,1089,instagram-api,16,23984,23983
742,1093,cakephp,142,20499,20498
743,1094,blob,52,28794,28793
744,1095,descarga,55,21535,21534
745,1096,session,247,20949,20948
746,1098,ngresource,2,,
747,1099,restful,57,38209,38208
748,1100,google-play-games,7,21197,21196
749,1101,jxl,3,21249,21248
750,1102,nsdata,1,27184,27183
751,1104,qt-creator,29,21294,21293
752,1105,openerp,12,21306,21305
753,1106,pandas,874,72871,72870
754,1108,alamofire,15,22888,22887
755,1109,data-atributos,8,,
756,1110,impresión,63,21497,21496
757,1111,entrada,156,21511,21510
758,1112,azure-sql,17,26521,26520
759,1113,ui.router,6,22113,22112
760,1114,websphere-mq,7,21727,21726
761,1118,navegador-web,107,21854,21853
762,1119,vim,44,22276,22275
763,1120,programación-móvil,135,31939,31938
764,1121,gentoo,2,22267,22266
765,1123,woocommerce,241,21941,21940
766,1124,lenguaje-compilado,13,22264,22263
767,1125,gwt,2,22262,22261
768,1126,appcelerator,4,22230,22229
769,1127,cloud9,3,24277,24276
770,1128,appinventor,13,,
771,1130,framework7,24,31919,31918
772,1132,scanner,56,,
773,1134,ada,3,22567,22566
774,1135,gnat,1,22569,22568
775,1136,emacs,11,22571,22570
776,1138,love2d,2,22735,22734
777,1139,sap,36,22739,22738
778,1140,jco,1,22742,22741
779,1141,scipy,39,24522,24521
780,1142,screenshot,14,23653,23652
781,1143,blur,8,,
782,1144,popup,60,23639,23638
783,1147,oledb,33,31934,31933
784,1148,postgresql-9.3,88,23149,23148
785,1149,drupal,52,23593,23592
786,1150,ms-word,40,23244,23243
787,1151,router,85,23641,23640
788,1154,snap.svg,2,23326,23325
789,1155,datatables,823,26814,26813
790,1156,fax,1,23345,23344
791,1157,tensorflow,79,23699,23698
792,1158,google-play-services,23,24263,24262
793,1159,macos,195,24283,24282
794,1160,web,944,27825,27824
795,1161,android-permissions,34,23637,23636
796,1162,nhibernate,11,23875,23874
797,1163,d3-v4.js,8,,
798,1167,controller,195,28757,28756
799,1168,odac,5,25382,25381
800,1170,extensión-google-chrome,37,24015,24014
801,1171,firefox-webextensions,8,24208,24207
802,1172,cakephp-bake,8,24270,24269
803,1174,virtualización,32,24174,24173
804,1175,qml,4,31857,31856
805,1179,redes,97,31786,31785
806,1182,swift3,159,24776,24775
807,1183,puertos,58,24607,24606
808,1184,redes-neuronales,62,24733,24732
809,1185,inteligencia-artificial,63,31782,31781
810,1188,pretty-urls,21,28806,28805
811,1189,fgets,20,34171,34170
812,1190,sesiones,92,,
813,1191,tokens,76,25364,25363
814,1192,accesibilidad,9,376340,376339
815,1195,nasm,14,24861,24860
816,1197,grocery-crud,13,25202,25201
817,1198,stdin,14,31784,31783
818,1200,express-session,18,,
819,1201,sqlalchemy,45,25189,25188
820,1203,proxy,50,25136,25135
821,1204,nodemailer,27,,
822,1206,código-de-barras,13,32387,32386
823,1208,angularjs-scope,19,25515,25514
824,1210,drupal7,17,,
825,1211,google-calendar,23,26185,26184
826,1214,exe,45,28292,28291
827,1218,phalcon,27,52941,52940
828,1220,rgba,9,25688,25687
829,1221,xmpp,10,27870,27869
830,1223,qpython,3,29519,29518
831,1224,telnet,16,28828,28827
832,1225,flexbox,104,195460,195459
833,1226,google-developers-console,9,28847,28846
834,1227,google-cloud-platform,72,26482,26481
835,1231,android-volley,99,26515,26514
836,1233,sourcetree,13,,
837,1235,android-imageview,86,26512,26511
838,1245,laravel-excel,59,,
839,1248,unity,183,31621,31620
840,1249,material,21,,
841,1253,jquery-plugins,12,28831,28830
842,1254,codeblocks,80,31686,31685
843,1257,prototipos,20,,
844,1258,firewall,15,31774,31773
845,1260,ejabberd,5,,
846,1261,moodle-api,7,26825,26824
847,1262,collectionjs,6,,
848,1263,weblogic,63,26848,26847
849,1264,ecmascript,10,34333,34332
850,1265,unicode,49,31776,31775
851,1266,localtime,4,,
852,1269,.asmx,19,406188,406187
853,1270,backend,120,,
854,1271,redis,19,33885,33884
855,1275,localdate,7,,
856,1276,docker-compose,85,,
857,1278,itext,51,33874,33873
858,1281,dynamics-ax,4,37038,37037
859,1284,dreamweaver,15,31900,31899
860,1285,cli,23,389804,389803
861,1286,sax,8,410638,410637
862,1288,ingenieria-del-software,23,31926,31925
863,1292,variables-globales,79,31861,31860
864,1293,patrones-de-diseño,65,31792,31791
865,1294,modal,363,84489,84488
866,1297,freepascal,22,31794,31793
867,1298,bottombar,11,,
868,1299,skype,3,31768,31767
869,1303,itunes,5,31772,31771
870,1307,sql-server-2005,13,31790,31789
871,1308,vbscript,44,32282,32281
872,1309,tapestry,1,34077,34076
873,1313,retrofit,97,33822,33821
874,1316,navigation,34,,
875,1317,baseadapter,10,,
876,1320,openssl,38,33819,33818
877,1324,vr,7,30997,30996
878,1325,pcre,7,140831,140830
879,1326,sql-server-2008,120,77085,77084
880,1327,samba,9,31199,31198
881,1328,fedora,19,31201,31200
882,1329,microsoft-office,41,31203,31202
883,1335,sql-server-2008-r2,45,31885,31884
884,1336,aptana,1,31770,31769
885,1337,fxml,24,223533,223532
886,1338,interfaz-gráfica,261,31612,31611
887,1339,informix,25,34993,34992
888,1341,amazon-rds,7,32280,32279
889,1342,odp.net,2,,
890,1344,phpexcel,136,96638,96637
891,1345,itextsharp,101,32385,32384
892,1346,aplicación-escritorio,41,31949,31948
893,1347,telerik,16,32370,32369
894,1348,actionbar,16,,
895,1351,batch,224,35845,35844
896,1352,ado.net,49,32278,32277
897,1355,pseint,45,32301,32300
898,1356,toolbar,32,74106,74105
899,1357,ciclos,37,32389,32388
900,1361,ocr,21,91570,91569
901,1363,onbackpressed,10,,
902,1364,dependencias,32,,
903,1367,textview,76,,
904,1368,matrices,359,34682,34681
905,1369,scope,34,,
906,1370,model,83,,
907,1371,pgadmin,64,,
908,1372,sqldatatypes,6,32956,32955
909,1378,game,36,32952,32951
910,1386,outlook,43,33075,33074
911,1387,iteradores,31,33136,33135
912,1388,google-analytics,47,,
913,1389,stream,58,34163,34162
914,1391,parámetros,19,33680,33679
915,1392,sql-server-2000,4,,
916,1394,laravel-blade,346,118445,118444
917,1396,cámara,24,,
918,1405,sql-server-2012,128,,
919,1406,calendar,60,,
920,1407,google-fonts,12,34426,34425
921,1408,activity,168,85711,85710
922,1409,phpmailer,231,66356,66355
923,1412,ostream,2,34337,34336
924,1413,pods,5,,
925,1417,compilador,54,74101,74100
926,1419,cookies,124,74108,74107
927,1420,cursor,63,,
928,1423,adb,22,64963,64962
929,1424,appserv,9,,
930,1425,android-wear,6,,
931,1428,desofuscación,3,35036,35035
932,1430,ms-access,303,52557,52556
933,1432,ckeditor,49,35236,35235
934,1433,https,122,38378,38377
935,1435,spring-data,20,,
936,1437,blender,9,35590,35589
937,1438,jira,5,58497,58496
938,1442,yacc,1,35693,35692
939,1446,printf,22,35827,35826
940,1453,http-post,61,,
941,1454,http-get,47,,
942,1457,teclado,35,38372,38371
943,1458,dropzone,18,,
944,1459,contact-form-7,21,,
945,1460,sweetalert,71,36438,36437
946,1461,autoincremento,14,61772,61771
947,1462,offset,8,38375,38374
948,1465,nfc,11,,
949,1467,pyqt4,31,131887,131886
950,1468,uml,43,38370,38369
951,1470,font-awesome,59,93319,93318
952,1473,bootstrap-3,127,133718,133717
953,1474,pago-in-app,13,,
954,1475,struct,81,,
955,1476,slim,38,37482,37481
956,1478,android-context,18,,
957,1480,color,76,,
958,1483,clase-anidada,14,37795,37794
959,1486,web.config,25,,
960,1499,sftp,24,,
961,1500,ireport,69,318141,318140
962,1502,axis,16,,
963,1506,saml,8,39397,39396
964,1511,macros,151,52686,52685
965,1512,jackson,19,,
966,1514,stored-procedure,427,84356,84355
967,1518,broadcastreceiver,22,,
968,1521,captcha,29,101848,101847
969,1522,mechanize,6,,
970,1523,constexpr,4,40523,40522
971,1525,cpanel,108,429457,429456
972,1529,babel,26,,
973,1530,grub2,6,61777,61776
974,1532,random,181,,
975,1535,insert,198,,
976,1540,checkbox,225,,
977,1543,fortran,16,48455,48454
978,1547,animated,10,,
979,1548,sintaxis,75,41629,41628
980,1550,redux,93,41651,41650
981,1551,flux,3,41653,41652
982,1554,sql-server-2014,110,,
983,1555,ddd,12,41893,41892
984,1560,c++.net,3,,
985,1561,atómico,1,55041,55040
986,1562,clips,1,88011,88010
987,1564,elasticsearch,25,,
988,1567,browserify,4,,
989,1575,timeout,32,,
990,1576,customadapter,10,,
991,1582,filezilla,22,,
992,1583,cron,71,80895,80894
993,1588,jframe,235,66703,66702
994,1590,instagram,16,91848,91847
995,1591,id3,2,,
996,1593,click,63,,
997,1594,jmenubar,13,,
998,1603,pivot,64,,
999,1604,django-urls,72,334772,334771
1000,1607,schedule,18,,
1001,1608,radiobutton,84,,
1002,1609,radiogroup,16,,
1003,1610,mercadopago,218,43569,43568
1004,1613,opengl,35,153017,153016
1005,1614,jtable,151,85703,85702
1006,1615,slider,92,,
1007,1616,intentservice,4,,
1008,1617,c3p0,2,43903,43902
1009,1619,cassandra,20,78261,78260
1010,1620,mysql-workbench,367,84482,84481
1011,1622,jtextfield,75,358272,358271
1012,1625,google-documentos,9,,
1013,1627,java-util-scanner,32,,
1014,1629,teradata,9,,
1015,1630,ng-repeat,21,,
1016,1631,fetch,154,392882,392881
1017,1632,picasso,20,,
1018,1635,servidor,460,345530,345529
1019,1640,hosting,181,75360,75359
1020,1643,observable,47,,
1021,1649,data,93,,
1022,1653,mercadolibre,23,46397,46396
1023,1654,arraylist,465,84476,84475
1024,1655,function,202,,
1025,1656,visual-studio-2008,9,,
1026,1657,chart.js,164,93571,93570
1027,1659,ionic2,110,77077,77076
1028,1660,uitableviewcell,9,,
1029,1667,jsoup,19,136607,136606
1030,1668,wordpress-imagenes,19,,
1031,1669,sobrecarga-de-operadores,22,45903,45902
1032,1670,csh,2,46090,46089
1033,1671,timer,61,,
1034,1674,views,28,,
1035,1675,graphql,61,46364,46363
1036,1677,filesystem,35,164380,164379
1037,1678,screen,19,61766,61765
1038,1687,wamp,79,,
1039,1688,video,123,,
1040,1690,spinner,92,,
1041,1691,pdfbox2.0,3,,
1042,1692,compilar,74,,
1043,1693,gcc,61,260196,260195
1044,1694,iframe,111,93848,93847
1045,1695,biometrico,6,174040,174039
1046,1696,dominio,81,47614,47613
1047,1697,jar,67,47342,47341
1048,1698,google-sites,13,47394,47393
1049,1699,fragment,149,,
1050,1704,cluster,25,48448,48447
1051,1707,android-listview,75,47715,47714
1052,1710,postgis,11,101335,101334
1053,1711,idioma,28,,
1054,1712,asynctask,27,,
1055,1713,google-search-console,15,,
1056,1714,google-static-maps,2,48159,48158
1057,1715,google-geocoding-api,7,48163,48162
1058,1716,rxjava,10,,
1059,1718,app.config,19,48236,48235
1060,1719,prepared-statements,45,290211,290210
1061,1720,formato,113,,
1062,1725,animate.css,15,,
1063,1728,objeto,243,50642,50641
1064,1731,xubuntu,12,50640,50639
1065,1736,es6,35,53230,53229
1066,1737,recursión,173,50644,50643
1067,1738,letsencrypt,10,61759,61758
1068,1741,números-enteros,29,61762,61761
1069,1743,puntero-a-función,9,49595,49594
1070,1745,refactoring,13,,
1071,1746,upload,61,,
1072,1748,autonumeric,6,49778,49777
1073,1749,apk,84,50638,50637
1074,1750,iptables,17,,
1075,1751,touchid,2,61783,61782
1076,1752,sqlplus,14,,
1077,1753,videojs,13,,
1078,1755,estructuras,63,,
1079,1757,gimp,2,61774,61773
1080,1758,neodatis,5,,
1081,1759,gitlab,62,224396,224395
1082,1761,modular,14,,
1083,1763,angular-material,88,,
1084,1765,apache2,151,142717,142716
1085,1767,adapter,43,,
1086,1769,mocha,9,,
1087,1770,pruebas-unitarias,53,121765,121764
1088,1771,concat,19,,
1089,1772,función-personalizada,14,51459,51458
1090,1773,pug,39,326097,326096
1091,1777,endpoint,20,,
1092,1781,rdp,7,51875,51874
1093,1785,cifrado,14,,
1094,1786,sha1,20,,
1095,1789,ejs,37,93040,93039
1096,1790,gnu,13,55034,55033
1097,1791,aforge,7,52720,52719
1098,1792,nullpointerexception,93,,
1099,1793,slim3,10,,
1100,1796,while,313,411851,411850
1101,1798,if,119,196379,196378
1102,1799,programación-bajo-nivel,44,57657,57656
1103,1800,github-pages,14,52835,52834
1104,1801,sql-server-2016,12,,
1105,1803,ssl,135,90202,90201
1106,1804,virtualhost,58,,
1107,1807,blogger,31,,
1108,1808,ssh,117,53097,53096
1109,1809,jquery-3,3,53101,53100
1110,1810,newlisp,2,53161,53160
1111,1812,pyserial,17,,
1112,1816,eloquent,688,206061,206060
1113,1818,shiny,47,53853,53852
1114,1821,numberpicker,4,,
1115,1823,hive,7,54417,54416
1116,1825,contenedores,24,54184,54183
1117,1826,boolean,6,101846,101845
1118,1832,geocodificación,5,,
1119,1833,bucle-for,617,54990,54989
1120,1836,touch,15,,
1121,1837,tabla-dinámica,45,151680,151679
1122,1838,ciencia-de-datos,22,,
1123,1844,coda,1,55211,55210
1124,1847,rutas,191,,
1125,1852,firebug,1,61779,61778
1126,1862,epub,1,91397,91396
1127,1863,lumen,41,74778,74777
1128,1865,mkdir,10,97892,97891
1129,1866,group-by,96,249441,249440
1130,1867,amazon-s3,29,,
1131,1873,google-oauth,14,,
1132,1877,composer,130,299289,299288
1133,1879,struts2,32,,
1134,1880,migration,65,329776,329775
1135,1885,php5,266,345533,345532
1136,1886,php7,757,225234,225233
1137,1887,php-cli,2,57831,57830
1138,1888,notepad++,13,184186,184185
1139,1896,opencv,156,70695,70694
1140,1897,javazoom,3,58089,58088
1141,1901,vuex,102,58144,58143
1142,1902,windows-server,50,,
1143,1903,windows-server-2012,42,,
1144,1908,pseudocódigo,27,,
1145,1909,system.js,5,,
1146,1913,make,10,,
1147,1914,bootstrap-4,450,58674,58673
1148,1915,plpgsql,17,,
1149,1916,android-service,22,,
1150,1918,g-suite,6,59154,59153
1151,1920,sql-server-ce,4,,
1152,1924,modernizr,2,,
1153,1927,passport,52,,
1154,1928,seeders,7,,
1155,1930,rstudio,313,70833,70832
1156,1934,fórmulas-de-matriz,17,328662,328661
1157,1936,internet-explorer-8,4,,
1158,1939,datos-abiertos,2,60864,60863
1159,1940,projectserver,2,61081,61080
1160,1944,visual-foxpro,20,,
1161,1945,foxpro,14,,
1162,1947,activerecord,19,,
1163,1948,bing-search,2,61448,61447
1164,1949,cmake,10,,
1165,1951,jasper,26,,
1166,1954,certificado-ssl,70,,
1167,1955,línea-de-comandos,61,,
1168,1958,angular-cli,60,406662,406661
1169,1961,wordpress-plugin,166,138629,138628
1170,1962,payload,4,,
1171,1964,terminal,145,299300,299299
1172,1967,datagrid,175,62762,62761
1173,1968,chai,5,141369,141368
1174,1971,dynamodb,15,117672,117671
1175,1975,vb6,109,63130,63129
1176,1979,python-requests,100,300757,300756
1177,1980,clone,12,,
1178,1981,sqldf,1,90160,90159
1179,1982,keystore,14,,
1180,1983,phpword,17,,
1181,1984,tiff,3,70725,70724
1182,1988,contraseña,43,,
1183,1990,xsl,29,132184,132183
1184,1993,font-faces,3,,
1185,1994,sfml,14,64180,64179
1186,1995,theme,12,,
1187,1998,bison,2,193547,193546
1188,1999,camtasia,1,97886,97885
1189,2008,amp,14,65022,65021
1190,2011,networking,27,,
1191,2013,sprintf,4,,
1192,2014,annotation,12,,
1193,2015,enlazado,6,65577,65576
1194,2017,actionscript,6,408086,408085
1195,2019,discord.py,38,65844,65843
1196,2025,imagen,674,84362,84361
1197,2026,android-toast,11,,
1198,2027,webix,5,66565,66564
1199,2031,es2016,3,67183,67182
1200,2033,c++17,16,67348,67347
1201,2040,bootstrap-switch,4,,
1202,2041,casio,1,80893,80892
1203,2042,basic,26,,
1204,2045,argparse,5,70736,70735
1205,2046,imap,10,,
1206,2048,pipe,33,73522,73521
1207,2049,fcm,21,,
1208,2050,push,35,,
1209,2058,android-m,2,,
1210,2061,greendao,3,,
1211,2063,wsdl,48,80510,80509
1212,2067,visual-studio-2017,322,71404,71403
1213,2068,illustrator,2,,
1214,2071,select,497,132346,132345
1215,2083,audio-manager,10,,
1216,2086,mensajes,27,,
1217,2087,owl,8,,
1218,2089,access-control,6,,
1219,2094,pentaho,23,353607,353606
1220,2097,ms-access-2013,17,,
1221,2098,ms-access-2007,7,71841,71840
1222,2099,mdb,8,71860,71859
1223,2100,kitkat,4,73520,73519
1224,2101,design,25,,
1225,2102,raspberry-pi,95,72174,72173
1226,2107,google-play-console,34,,
1227,2108,easeljs,1,90374,90373
1228,2109,createjs,1,90234,90233
1229,2110,box-shadow,4,79270,79269
1230,2113,inspinia,3,72677,72676
1231,2114,android-notifications,38,106635,106634
1232,2116,type,27,,
1233,2117,text,53,,
1234,2118,vi,6,74903,74902
1235,2120,kotlin,510,73258,73257
1236,2122,mapbox,32,,
1237,2125,tcl,3,74906,74905
1238,2126,ksh,3,76329,76328
1239,2129,devise,26,74082,74081
1240,2140,aeat-sii,38,74426,74425
1241,2142,crud,142,74901,74900
1242,2145,onclick,78,,
1243,2146,sonido,18,,
1244,2147,play,4,,
1245,2148,android-settings,5,142762,142761
1246,2149,silverlight,12,78658,78657
1247,2150,telegram,49,79268,79267
1248,2153,atributos,44,79369,79368
1249,2160,pilas,82,79361,79360
1250,2162,d,2,78080,78079
1251,2168,particles,4,,
1252,2170,rpm,2,77123,77122
1253,2172,smarty,18,91958,91957
1254,2174,chrome,87,79239,79238
1255,2176,ramas-git,15,,
1256,2177,diccionarios,225,,
1257,2178,ogre,11,,
1258,2179,bluej,18,77725,77724
1259,2181,sitemap,11,78660,78659
1260,2182,fos-user-bundle,8,,
1261,2183,google-signin,8,,
1262,2184,kibana,4,79265,79264
1263,2190,fuentes,61,128211,128210
1264,2192,angular-datatables,22,,
1265,2193,semantic-ui,23,,
1266,2197,qrcode,34,79082,79081
1267,2198,datatable,209,162894,162893
1268,2201,mime,12,81426,81425
1269,2202,google-maps-v3,33,,
1270,2203,tooltip,22,90162,90161
1271,2204,robots.txt,9,79619,79618
1272,2208,ionic-framework,142,158781,158780
1273,2209,onesignal,12,,
1274,2212,cardview,33,,
1275,2213,build.gradle,51,,
1276,2214,iphone,65,84368,84367
1277,2215,richtextbox,2,97897,97896
1278,2217,filewriter,31,,
1279,2219,universal-image-loader,2,80963,80962
1280,2220,out-of-memory-error,21,,
1281,2222,beautifulsoup,87,81407,81406
1282,2223,sylius,4,,
1283,2224,formdata,20,,
1284,2227,db2,31,82087,82086
1285,2229,pyside,5,82628,82627
1286,2230,asp.net-mvc-4,34,,
1287,2231,cv2,24,,
1288,2233,responsive,204,86354,86353
1289,2234,rvest,5,82635,82634
1290,2235,vistas-materializadas,2,82572,82571
1291,2239,google-chrome-app,4,,
1292,2241,fragmentpageradapter,2,,
1293,2242,scanf,23,,
1294,2244,undefined,54,86051,86050
1295,2245,sfinae,3,83322,83321
1296,2246,evaluación,6,,
1297,2247,float,84,84220,84219
1298,2250,git-merge,16,83632,83631
1299,2253,sms,33,85837,85836
1300,2259,redes-sociales,15,,
1301,2260,tinyurl,1,85831,85830
1302,2261,excel-2010,11,,
1303,2262,mediaqueries,52,,
1304,2263,netlogo,1,86352,86351
1305,2266,autohotkey,3,85840,85839
1306,2267,excel-2013,22,,
1307,2268,entity-framework-core,86,,
1308,2269,gitignore,16,87899,87898
1309,2270,bufferedimage,10,,
1310,2275,wxwidgets,9,86630,86629
1311,2276,flashback,1,87757,87756
1312,2277,ibm-bluemix,6,86814,86813
1313,2278,youtube-api,23,,
1314,2279,subconsultas,78,,
1315,2282,búfer,2,,
1316,2283,stdout,9,100499,100498
1317,2285,operador-de-conversión,4,87690,87689
1318,2286,mp3,13,88131,88130
1319,2287,operador-incremento,7,,
1320,2288,operador-ternario,11,87901,87900
1321,2292,computación-cuántica,2,,
1322,2294,mouse,12,,
1323,2295,ip,79,89755,89754
1324,2297,inno-setup,17,88606,88605
1325,2298,pascalscript,5,,
1326,2299,carbon,36,,
1327,2300,enlace,53,,
1328,2301,script,416,127170,127169
1329,2302,href,44,97925,97924
1330,2303,src,17,,
1331,2304,pixijs,3,,
1332,2305,neo4j,14,,
1333,2306,junit,59,242751,242750
1334,2307,sizeof,7,90955,90954
1335,2308,padding,10,90961,90960
1336,2309,brackets,14,250931,250930
1337,2310,pls,2,,
1338,2311,tumblr,2,91120,91119
1339,2314,urlencoding,9,,
1340,2317,angularjs-4.0,2,,
1341,2319,nmap,6,,
1342,2321,ld,2,98302,98301
1343,2322,parser,10,136604,136603
1344,2323,leaflet,64,101171,101170
1345,2324,time,59,176494,176493
1346,2327,disqus,3,101173,101172
1347,2329,packages,48,92019,92018
1348,2330,symfony,233,93187,93186
1349,2331,dql,13,399374,399373
1350,2332,cors,119,132285,132284
1351,2334,angulajs,5,,
1352,2338,vsts,6,,
1353,2339,visual-studio-code,134,238090,238089
1354,2340,get,134,,
1355,2341,xamarin.android,111,108891,108890
1356,2342,java-money,1,93061,93060
1357,2343,hack,9,93092,93091
1358,2344,procesos-en-segundo-plano,28,,
1359,2346,arquitectura-de-software,14,,
1360,2348,glide,18,361737,361736
1361,2349,couchbase,4,,
1362,2351,vuforia,7,97890,97889
1363,2352,fibonacci,25,,
1364,2354,mediaplayer,32,,
1365,2355,countdowntimer,10,,
1366,2358,google-search,7,,
1367,2359,google-adsense,8,,
1368,2363,administración-de-software,7,,
1369,2369,vichuploaderbundle,3,,
1370,2370,fileupload,108,,
1371,2372,contador,54,,
1372,2373,.net-core,129,354574,354573
1373,2376,fpdf,119,96497,96496
1374,2377,wizard,6,,
1375,2378,component,79,,
1376,2379,cobol,6,97294,97293
1377,2380,clob,4,97292,97291
1378,2382,windows7,17,98202,98201
1379,2383,splash,5,,
1380,2385,adminer,2,,
1381,2389,file,31,,
1382,2390,zkemkeeper,2,146474,146473
1383,2391,polimorfismo,45,,
1384,2392,complejidad,16,99220,99219
1385,2393,operadores,6,,
1386,2395,ionic3,151,,
1387,2396,botón,328,120291,120290
1388,2397,sonar,14,223895,223894
1389,2399,atajo,8,100397,100396
1390,2401,grunt,7,,
1391,2402,task-runner,3,,
1392,2405,notificaciones,60,,
1393,2407,pkg,3,,
1394,2411,behat,2,,
1395,2412,tdd,14,145028,145027
1396,2413,delphi-berlin,8,,
1397,2415,restsharp,12,102575,102574
1398,2416,wordpress-widget,8,,
1399,2418,webtoken,5,,
1400,2419,pwa,37,128685,128684
1401,2421,bonita,9,,
1402,2422,report,44,,
1403,2423,dynamics-crm,4,103562,103561
1404,2425,reporting,11,,
1405,2426,crm,5,,
1406,2427,certificado-apple,10,,
1407,2428,rdlc,22,,
1408,2429,puntero-a-miembro,3,103902,103901
1409,2431,hash,65,109516,109515
1410,2432,sha256,9,109512,109511
1411,2440,itunes-connect,4,125650,125649
1412,2443,war,16,,
1413,2444,diseño-de-clases,47,,
1414,2445,shell-script,129,,
1415,2449,plesk,16,,
1416,2450,vps,51,216990,216989
1417,2459,mongod,15,,
1418,2460,debian-9,23,,
1419,2461,webapi,55,117267,117266
1420,2462,tibble,2,109503,109502
1421,2464,hover,53,,
1422,2465,jstree,6,,
1423,2466,sweetalert2,58,279187,279186
1424,2468,pyspark,43,108071,108070
1425,2469,smtp,74,108964,108963
1426,2470,buenas-prácticas,56,152644,152643
1427,2473,progressdialog,6,161336,161335
1428,2475,dropzone.js,15,,
1429,2476,qr,18,110847,110846
1430,2479,onclicklistener,23,,
1431,2480,tar,11,,
1432,2482,raspbian,33,113840,113839
1433,2484,vb,138,299287,299286
1434,2486,angular4,86,129455,129454
1435,2489,google-spreadsheets,4,,
1436,2491,crahslytics,4,110401,110400
1437,2492,google-fabric,1,110404,110403
1438,2493,form-submit,14,,
1439,2494,rjava,3,113834,113833
1440,2497,erlang,2,110842,110841
1441,2499,three.js,9,,
1442,2502,pst,1,113656,113655
1443,2503,hardware,18,114462,114461
1444,2506,nextcloud,3,,
1445,2507,android-gridview,3,,
1446,2510,percentil,3,117264,117263
1447,2511,filtro,136,,
1448,2512,build,30,,
1449,2513,derby,10,,
1450,2515,datarow,6,,
1451,2516,dataset,54,,
1452,2519,sqllite,7,123486,123485
1453,2525,selenium-webdriver,139,114573,114572
1454,2527,github-desktop,3,,
1455,2537,hadoop,12,115735,115734
1456,2541,push.js,3,124460,124459
1457,2542,class,155,,
1458,2543,icons,35,,
1459,2547,ram,12,,
1460,2548,geojson,26,262445,262444
1461,2549,ftpclient,8,,
1462,2554,lighttpd,3,123482,123481
1463,2561,sybase,18,,
1464,2565,submit,24,,
1465,2566,print,70,,
1466,2567,jobs,27,,
1467,2568,openxml,11,,
1468,2574,godaddy,33,420321,420320
1469,2575,reactstrap,12,,
1470,2576,linearlayout,6,,
1471,2578,jmeter,20,,
1472,2579,test,119,124704,124703
1473,2580,xamarin-studio,4,,
1474,2582,capybara,5,,
1475,2584,constraint-layout,12,,
1476,2587,conjuntos,8,,
1477,2588,else,59,,
1478,2589,audio,88,,
1479,2590,bootstrap-table,17,120952,120951
1480,2591,qlineedit,3,,
1481,2594,multipart,9,,
1482,2595,hbase,3,,
1483,2608,zookeeper,1,122361,122360
1484,2610,foreach,188,346002,346001
1485,2611,mvp,4,,
1486,2613,gd,9,,
1487,2618,mpi,8,,
1488,2620,google-chart-api,38,124192,124191
1489,2621,android-recyclerview,39,416599,416598
1490,2622,substr,7,,
1491,2623,activemq,7,124596,124595
1492,2626,vala,8,124684,124683
1493,2628,selectores,31,,
1494,2629,in-array,4,,
1495,2630,adobe-flash,4,,
1496,2631,enlaces-ancla,10,126018,126017
1497,2632,sql-server-express,14,126338,126337
1498,2634,usercontrol,30,,
1499,2639,volley,58,254425,254424
1500,2643,ventana,43,,
1501,2649,jquery-mask-plugin,3,126333,126332
1502,2650,osb,2,128792,128791
1503,2652,nav,27,,
1504,2654,git-add,4,,
1505,2655,xdebug,22,126575,126574
1506,2656,rectangle,3,,
1507,2661,phpunit,34,127027,127026
1508,2664,symfony4,84,136212,136211
1509,2665,netbeans-8.2,202,127015,127014
1510,2666,net,44,,
1511,2669,blockchain,12,228837,228836
1512,2670,onkeypress,5,128568,128567
1513,2671,onkeyup,7,,
1514,2672,mysqlconnector,42,414391,414390
1515,2673,mysqlconnector.jar,9,216994,216993
1516,2675,radio,15,,
1517,2680,dropdownlist,72,,
1518,2681,onkey,2,128257,128256
1519,2682,uri,14,,
1520,2683,diff,12,,
1521,2686,updatepanel,9,,
1522,2687,stripe,30,128457,128456
1523,2688,active,4,,
1524,2691,margin,12,,
1525,2692,phpspreadsheet,42,128676,128675
1526,2694,textarea,37,128794,128793
1527,2696,li,8,,
1528,2705,show,11,,
1529,2706,hide,8,,
1530,2707,gunicorn,8,,
1531,2708,virtualenv,27,,
1532,2709,centos7,63,,
1533,2711,imprimir,52,,
1534,2712,impresora,17,,
1535,2713,jython,5,136454,136453
1536,2714,tpv,9,,
1537,2718,error404,66,147022,147021
1538,2719,certificado,24,,
1539,2725,nativescript,37,130521,130520
1540,2726,keypressevent,20,,
1541,2729,gdb,3,,
1542,2731,reportviewerreporte,5,,
1543,2732,fstream,15,,
1544,2734,innodb,21,131935,131934
1545,2735,myisam,5,132011,132010
1546,2738,búsqueda-monte-carlo,2,131991,131990
1547,2739,font-size,8,,
1548,2740,identity,43,,
1549,2744,django-templates,29,336140,336139
1550,2747,listbox,33,,
1551,2748,stack,26,,
1552,2749,heap,5,,
1553,2750,interface,46,,
1554,2754,cloud,33,381449,381448
1555,2756,apigoogle,9,,
1556,2760,primeng,17,202948,202947
1557,2761,exchangewebservices,3,,
1558,2762,spool,2,,
1559,2765,google-distancematrix-api,1,134161,134160
1560,2766,google-api,160,158710,158709
1561,2768,chromedriver,17,,
1562,2770,titanium,2,134475,134474
1563,2771,rtf,8,141594,141593
1564,2774,powerquery,10,315919,315918
1565,2775,powerbi,92,314801,314800
1566,2776,logger,17,,
1567,2777,powerpivot,6,135287,135286
1568,2779,orgchart,2,,
1569,2780,genericos,30,,
1570,2781,propel,2,136027,136026
1571,2784,html-tabla,113,151682,151681
1572,2785,slf4j,3,,
1573,2786,angular5,218,138382,138381
1574,2789,html-select,89,287295,287294
1575,2790,html-correo,11,,
1576,2794,keras,62,141590,141589
1577,2797,xslt,26,149571,149570
1578,2801,xsd,24,138589,138588
1579,2802,xml-schema,12,,
1580,2804,css-grid-layout,48,195462,195461
1581,2805,zxing,9,,
1582,2807,game-maker,3,,
1583,2809,git-bash,27,,
1584,2811,sympy,20,140002,140001
1585,2812,zeep,6,,
1586,2813,imacros,4,,
1587,2815,git-flow,10,,
1588,2816,swift4,79,141945,141944
1589,2818,toad,7,,
1590,2819,django-views,50,334288,334287
1591,2821,gorm,3,,
1592,2822,travis-ci,6,141365,141364
1593,2823,nyc,1,141362,141361
1594,2824,mochajs,3,,
1595,2827,code-first,26,,
1596,2831,sensor,9,,
1597,2833,referer,4,,
1598,2839,google-apps-script-html-service,9,,
1599,2841,phaser.io,4,,
1600,2843,cshtml,25,,
1601,2844,lampp,8,,
1602,2845,android-spinner,28,,
1603,2846,maxima,10,143815,143814
1604,2847,jodatime,3,,
1605,2849,simple-html-dom,9,300008,300007
1606,2851,fputcsv,10,,
1607,2855,google-sheets,2,,
1608,2859,mysqldb,36,,
1609,2860,git-clone,5,,
1610,2861,yml,8,152904,152903
1611,2865,mips32,6,,
1612,2866,angular,2906,146517,146516
1613,2869,formato-condicional,18,146273,146272
1614,2872,fopen,18,,
1615,2877,uikit-3,3,,
1616,2878,jstl,27,291456,291455
1617,2890,spire,3,149799,149798
1618,2891,taglib,2,,
1619,2893,eclipse-oxygen,18,,
1620,2894,django-class-based-views,9,150483,150482
1621,2896,bootstrap-vue,20,150818,150817
1622,2897,ecmascript-6,129,150855,150854
1623,2898,ecmascript-7,7,150864,150863
1624,2902,bootstrap-timepicker,3,,
1625,2904,hoja-de-cálculo-tabla-dinámica,12,151669,151668
1626,2906,dompdf,73,,
1627,2910,postman,114,255815,255814
1628,2911,posix,8,,
1629,2914,libreoffice-calc,10,325399,325398
1630,2916,google-cloud-firestore,154,,
1631,2917,tfs,6,,
1632,2919,android-bottom-nav-view,7,,
1633,2921,r-dplyr,31,152900,152899
1634,2923,oracleforms,5,152706,152705
1635,2924,laravel-mix,15,,
1636,2927,datetimepicker,36,,
1637,2930,trello,5,,
1638,2932,genexus15,21,153618,153617
1639,2934,usb,22,,
1640,2935,sugarcrm,2,,
1641,2939,phpstorm,16,,
1642,2940,update,163,216992,216991
1643,2942,crystal-lang,3,154650,154649
1644,2947,guzzle,18,,
1645,2953,viewchild,4,,
1646,2954,elementref,2,,
1647,2955,bucles,451,155829,155828
1648,2956,veevalidate,4,,
1649,2957,machine-learning,96,301052,301051
1650,2958,emulación,13,156026,156025
1651,2961,búsquedas,33,,
1652,2966,haml,2,198820,198819
1653,2967,gráficas,33,254427,254426
1654,2971,porcentaje,16,161345,161344
1655,2973,text-mining,4,,
1656,2976,supportmapfragment,4,,
1657,2983,tomee,3,158737,158736
1658,2984,intellij-idea,97,161077,161076
1659,2986,distinct,14,161063,161062
1660,2988,imagemagick,7,160881,160880
1661,2989,drupal8,18,,
1662,2990,pentaho-spoon,5,,
1663,2998,sheetjs,4,,
1664,3004,android-manifest,22,,
1665,3005,react-navigation,49,,
1666,3009,f#,2,,
1667,3014,aspx,51,420242,420241
1668,3017,android-navigationview,5,,
1669,3018,axml,5,,
1670,3019,rasa-nlu,5,163451,163450
1671,3020,wget,8,164385,164384
1672,3023,ejecutar,19,,
1673,3026,rasa-core,3,,
1674,3030,sql-server-2017,42,,
1675,3031,singleton,12,407893,407892
1676,3032,relaciones,95,,
1677,3033,lógica,48,,
1678,3034,modelorelacional,54,,
1679,3035,tablas,196,,
1680,3036,serialport,28,,
1681,3038,solidity,9,429749,429748
1682,3039,caracteres,64,,
1683,3040,mailer,6,,
1684,3045,regresión-lineal,20,,
1685,3048,localhost,101,174149,174148
1686,3049,paginación,70,,
1687,3053,xdocument,4,,
1688,3056,salsa,1,170114,170113
1689,3058,decoradores,13,,
1690,3059,tesseract,9,,
1691,3062,tcpdf,34,,
1692,3068,html2pdf,23,,
1693,3071,integer,21,,
1694,3072,spa,13,244433,244432
1695,3075,artisan,34,318319,318318
1696,3076,delphi-tokyo,10,,
1697,3077,librería,78,174136,174135
1698,3086,maatwebsite,15,,
1699,3088,genexusxev3,3,,
1700,3091,null,75,,
1701,3093,axios,202,176849,176848
1702,3100,latino,1,178137,178136
1703,3101,docker-machine,9,,
1704,3102,backgroundworker,17,,
1705,3107,qt-designer,19,,
1706,3109,as3,2,180034,180033
1707,3110,flex,13,,
1708,3113,react-redux,46,,
1709,3114,qtablewidget,9,,
1710,3118,bokeh,7,,
1711,3119,simplexlsx,4,,
1712,3120,floating-action-button,5,,
1713,3122,nltk,15,183261,183260
1714,3124,math,48,,
1715,3132,qmainwindow,5,,
1716,3134,opensuse,6,,
1717,3135,querybuilder,29,,
1718,3136,mysql-sever,2,,
1719,3140,msdos,14,,
1720,3142,content-provider,7,,
1721,3143,indy,3,185530,185529
1722,3144,instalacion,56,,
1723,3146,prestashop1.7,32,,
1724,3148,scikit-learn,23,186463,186462
1725,3149,each,7,,
1726,3153,epplus,14,,
1727,3160,parallax,6,196571,196570
1728,3163,procesamiento-de-texto,42,,
1729,3164,notification,10,,
1730,3165,blade,79,,
1731,3167,flutter,598,198619,198618
1732,3168,jbutton,32,,
1733,3169,jdatechooser,11,,
1734,3171,qgridlayout,2,,
1735,3173,cx-freeze,7,,
1736,3177,google-app-maker,3,,
1737,3183,solaris,6,,
1738,3184,img,54,243534,243533
1739,3186,wireframe,2,198816,198815
1740,3187,expo,76,,
1741,3188,plantuml,5,,
1742,3189,linux-mint,35,,
1743,3196,abogado-del-lenguaje,6,190095,190094
1744,3197,daterangepicker,5,,
1745,3200,substring,30,,
1746,3201,teoría-de-grafos,18,191222,191221
1747,3202,spacy,10,191226,191225
1748,3204,dart,294,371080,371079
1749,3205,amazon,22,,
1750,3207,números-primos,23,,
1751,3208,numberformat,23,192154,192153
1752,3213,angular6,135,,
1753,3218,winrar,2,,
1754,3219,jsonobject,87,,
1755,3220,jsonarray,73,,
1756,3223,gpu,5,,
1757,3225,setcookie,8,,
1758,3229,firebase-messaging,46,,
1759,3230,pygal,3,,
1760,3236,textbox,43,,
1761,3237,apex,24,366315,366314
1762,3243,rxjs,50,200096,200095
1763,3256,preg-match,21,,
1764,3260,cakephp-3.x,17,,
1765,3261,jax-rs,8,223903,223902
1766,3267,activex,3,427529,427528
1767,3268,android-pie,3,,
1768,3269,timepicker,5,,
1769,3270,jhipster,16,286870,286869
1770,3271,kubernetes,20,,
1771,3273,jsdoc,4,204363,204362
1772,3274,task,11,,
1773,3276,phaser,7,,
1774,3278,amazon-web-services,5,215989,215988
1775,3279,oracle-12c,35,345078,345077
1776,3280,async,43,,
1777,3282,navbar,57,,
1778,3283,selectores-css,23,207965,207964
1779,3285,reactive-programing,14,,
1780,3287,mqtt,12,,
1781,3292,sqltabledependency,3,,
1782,3295,division,10,,
1783,3298,pair,2,,
1784,3299,android-adapter,9,,
1785,3301,set,16,,
1786,3308,cronjobs,13,,
1787,3310,tiddlywiki,1,216569,216568
1788,3313,python-3.7,260,,
1789,3322,gulp-4,4,,
1790,3323,netbeans-9,2,,
1791,3325,ngfor,29,,
1792,3326,java-7,10,,
1793,3328,angular7,216,,
1794,3329,diagrama-er,15,,
1795,3330,html5-datalist,2,,
1796,3332,yum,4,,
1797,3334,swift-mailer,5,220117,220116
1798,3335,logcat,5,220138,220137
1799,3338,innerhtml,23,,
1800,3344,netbeans-plugins,1,227969,227968
1801,3345,netbeans-8.1,10,,
1802,3347,netbeans-8.0,5,,
1803,3348,scenebuilder,24,,
1804,3349,controlsfx,1,224233,224232
1805,3350,javafx-css,6,223503,223502
1806,3351,vue2-google-map,2,,
1807,3354,jaxb,14,223900,223899
1808,3355,jdom,2,224011,224010
1809,3356,fasterxml,1,224013,224012
1810,3359,octave,7,224207,224206
1811,3360,gnuplot,9,224223,224222
1812,3363,gitlab-ci,10,224394,224393
1813,3365,recaptcha,22,,
1814,3366,google-query-language,2,224831,224830
1815,3368,asyncio,6,,
1816,3369,samsung,4,,
1817,3371,bootstrap-tags-input,7,,
1818,3372,appveyor,3,225470,225469
1819,3375,xhtml2pdf,4,,
1820,3377,angular-router,27,309359,309358
1821,3381,alexa,6,227277,227276
1822,3386,dapper,3,,
1823,3391,tarea,11,,
1824,3392,sas,7,228121,228120
1825,3396,yarn,15,,
1826,3397,uipath,7,228938,228937
1827,3399,sh,9,,
1828,3402,multer,27,254071,254070
1829,3403,msg,1,230260,230259
1830,3404,graphviz,7,230607,230606
1831,3406,alertify,7,230636,230635
1832,3407,doctest,4,,
1833,3410,windowsce,3,,
1834,3413,red-hat,9,,
1835,3420,jdeveloper,9,,
1836,3424,flask-wtf,3,,
1837,3426,sharpdevelop,3,,
1838,3432,android-viewmodel,8,,
1839,3433,android-room,14,,
1840,3434,xamarin.ios,13,351491,351490
1841,3436,rhel,3,236480,236479
1842,3437,vmware,9,236484,236483
1843,3439,clausuras,9,237466,237465
1844,3440,concatenación,25,,
1845,3442,cálculo-relacional,2,,
1846,3443,metodología,11,,
1847,3446,compilación-cruzada,2,,
1848,3447,ofuscación,5,,
1849,3448,vuetify,59,,
1850,3449,predicción,9,,
1851,3450,agrupación,12,,
1852,3451,scrollbar,15,,
1853,3453,messagebox,10,,
1854,3455,laravelcollective,17,357331,357330
1855,3457,androidx,12,,
1856,3459,punteros-inteligentes,2,239713,239712
1857,3464,knex,9,,
1858,3465,bitconverter,3,,
1859,3467,gcloud,6,,
1860,3469,exists,3,,
1861,3471,allegro,5,243291,243290
1862,3473,tracking,5,243532,243531
1863,3475,handlebars,19,,
1864,3480,bcryptjs,9,,
1865,3484,cut,11,,
1866,3486,puppeteer,27,256697,256696
1867,3487,service-workers,17,,
1868,3489,options,16,,
1869,3491,api-fluent,2,248469,248468
1870,3492,pydub,2,256695,256694
1871,3495,guardar,21,,
1872,3498,charts,34,,
1873,3501,fs,7,,
1874,3504,rsa,8,256691,256690
1875,3507,simplexml,4,259380,259379
1876,3508,nodos,40,,
1877,3511,ionic4,111,,
1878,3512,payu,7,253399,253398
1879,3513,qt5,5,,
1880,3514,bouncycastle,1,256602,256601
1881,3516,smime,1,256604,256603
1882,3517,espacio-de-nombres,1,253951,253950
1883,3518,javasound,3,256600,256599
1884,3519,qmake,3,256598,256597
1885,3522,polyfill,2,255357,255356
1886,3523,serializacion,4,,
1887,3527,silex,1,256687,256686
1888,3528,optional,2,256826,256825
1889,3531,fastreport,2,,
1890,3532,openpyxl,22,,
1891,3534,prism,3,258676,258675
1892,3535,ngx-admin,6,,
1893,3536,delegados,6,,
1894,3539,netbeans-11,23,,
1895,3540,javac,7,259838,259837
1896,3544,nvm,6,264154,264153
1897,3545,jni,8,260004,260003
1898,3547,jcreator,4,290630,290629
1899,3549,applet,4,260228,260227
1900,3551,git-tag,5,,
1901,3552,java-11,10,,
1902,3558,xquery,8,,
1903,3559,protractor,2,261856,261855
1904,3560,host,22,,
1905,3562,wxpython,12,262154,262153
1906,3563,dialog-fragment,4,,
1907,3565,theano,2,262940,262939
1908,3568,ciclo-de-vida,5,263734,263733
1909,3569,comportamiento-indefinido,2,263740,263739
1910,3571,openpay,6,,
1911,3573,ebay-api,1,264433,264432
1912,3574,datalist,7,265051,265050
1913,3575,c++builder,6,264526,264525
1914,3582,busqueda,41,,
1915,3589,exec,11,,
1916,3595,bem,2,268160,268159
1917,3596,autocomplete,14,,
1918,3600,fastmm,1,268409,268408
1919,3601,requests,56,345453,345452
1920,3603,table,87,,
1921,3609,informatica-power-center,2,299555,299554
1922,3614,dataframe,333,412544,412543
1923,3615,apache-nifi,4,270870,270869
1924,3616,visual-studio-2019,66,,
1925,3617,pytesseract,13,280565,280564
1926,3618,ansible,8,,
1927,3621,p5js,2,272076,272075
1928,3622,mail,54,,
1929,3625,java-awt,8,,
1930,3626,phantomjs,5,273441,273440
1931,3630,signature,10,,
1932,3632,colecciones,14,,
1933,3635,telegram-bot,21,274093,274092
1934,3636,jepp,1,274097,274096
1935,3640,jnlp,3,,
1936,3642,xamarinforms,8,,
1937,3643,android-espresso,1,274630,274629
1938,3647,web-components,7,,
1939,3651,generador,4,,
1940,3652,headers,36,,
1941,3653,sonarqube,4,,
1942,3654,tls,8,278869,278868
1943,3655,playframework,2,277802,277801
1944,3657,vlcj,6,277810,277809
1945,3662,stacktable,1,279031,279030
1946,3663,javascript-objeto,112,278933,278932
1947,3665,apache-cordova,13,279191,279190
1948,3666,alert,33,,
1949,3667,magento,4,,
1950,3668,liquid,6,,
1951,3669,android-button,6,,
1952,3670,swagger-ui,6,,
1953,3674,facebook-graph-api,8,,
1954,3675,actualizacion,12,,
1955,3678,modalform,3,,
1956,3679,slide,6,,
1957,3682,transact-sql,47,280900,280899
1958,3683,enzyme,3,281039,281038
1959,3684,jestjs,7,281041,281040
1960,3688,transicion,9,,
1961,3689,processing,11,297568,297567
1962,3693,async-await,64,281641,281640
1963,3695,microsoft,33,,
1964,3699,appybuilder,1,282200,282199
1965,3700,ext.net,2,282307,282306
1966,3701,fondo,9,,
1967,3702,vsftp,5,,
1968,3710,mockito,14,287515,287514
1969,3711,junit-5,12,284418,284417
1970,3714,log4j2,1,284180,284179
1971,3715,jemmy,2,314693,314692
1972,3719,pymongo,14,,
1973,3722,criteria,3,,
1974,3725,electron-build,4,,
1975,3726,firebase-auth,44,,
1976,3729,blazor,37,,
1977,3730,pop,6,,
1978,3731,idle,8,,
1979,3733,parametros,86,,
1980,3734,vuejs,49,,
1981,3737,read,11,,
1982,3739,epson,4,,
1983,3744,h2,9,286569,286568
1984,3745,impala,3,,
1985,3746,resttemplate,3,,
1986,3747,jpql,22,,
1987,3748,criteria-api,6,,
1988,3749,eclipselink,8,,
1989,3751,jflex,5,287192,287191
1990,3753,dropwizard,2,286868,286867
1991,3755,single-sign-on,5,,
1992,3756,openjpa,2,,
1993,3760,html2canvas,13,,
1994,3761,coolbeans,1,297082,297081
1995,3766,owin,2,,
1996,3769,attached-properties,3,,
1997,3771,jcalendar,9,310955,310954
1998,3775,angular8,91,,
1999,3776,tinker,5,,
2000,3777,appium,7,,
2001,3779,postfix,7,,
2002,3780,dovecot,6,,
2003,3781,c++20,1,289329,289328
2004,3782,conceptos,1,289333,289332
2005,3783,datagridview,115,,
2006,3786,pyodbc,5,,
2007,3787,cpan,2,,
2008,3788,java-6,7,,
2009,3789,javamail,8,289739,289738
2010,3790,payara,8,289734,289733
2011,3791,jest,19,,
2012,3792,webhook,10,,
2013,3794,c#-8.0,37,,
2014,3795,md-bootstrap,7,,
2015,3797,responsivo,3,,
2016,3800,multiselect,13,,
2017,3801,pusher,11,,
2018,3803,htmlunit,2,290953,290952
2019,3804,spyder,55,335104,335103
2020,3807,adonisjs,8,291722,291721
2021,3808,broadcast,3,,
2022,3812,socialite,4,,
2023,3813,laravel-6,247,317956,317955
2024,3814,visualización-de-datos,15,291838,291837
2025,3816,itertools,5,,
2026,3817,r-markdown,23,,
2027,3820,mapquest,3,296277,296276
2028,3821,closedxml,2,,
2029,3822,chartjs,24,,
2030,3825,peticiones,13,,
2031,3827,binario,29,,
2032,3828,calculo,21,,
2033,3833,loopback,3,,
2034,3835,google-apps-script-menu,3,297134,297133
2035,3837,interfaz,19,,
2036,3838,vue-router,19,,
2037,3839,reporte,11,,
2038,3840,paint,6,,
2039,3842,djongo,2,,
2040,3845,scraping,109,299851,299850
2041,3847,viewmodel,11,,
2042,3848,livedata,5,,
2043,3851,referencias,12,,
2044,3856,sdk,44,301029,301028
2045,3859,categorical,5,,
2046,3861,template-strings,5,,
2047,3862,warnings,5,,
2048,3865,r-igraph,1,302013,302012
2049,3867,array-bidimensional,65,,
2050,3868,cgi,2,,
2051,3869,semantic-html,2,,
2052,3870,storage,29,,
2053,3873,xls,6,,
2054,3877,wampserver,16,,
2055,3881,código-fuente,3,,
2056,3882,pymysql,9,,
2057,3884,boot,14,,
2058,3886,deserialize,7,,
2059,3887,manifest,8,,
2060,3890,ivy,1,306700,306699
2061,3892,com,2,,
2062,3894,kill,2,,
2063,3899,funciones-ventana,3,,
2064,3902,props,19,,
2065,3907,opera,4,,
2066,3910,usecase,9,,
2067,3912,memoria,27,,
2068,3914,delete,27,,
2069,3916,carrusel,41,,
2070,3917,txt,73,,
2071,3922,maven-assembly-plugin,1,310989,310988
2072,3923,databricks,6,,
2073,3924,port,3,,
2074,3925,python-docx,9,,
2075,3927,seaborn,17,,
2076,3930,onactivityresult,4,,
2077,3932,meta-tags,9,,
2078,3939,centos6,3,,
2079,3941,netbeans-11.2,11,313352,313351
2080,3943,xpce,2,313680,313679
2081,3944,swi-prolog,12,313682,313681
2082,3945,scilab,2,,
2083,3947,eslint,8,,
2084,3948,homestead,5,,
2085,3949,matisse,7,314593,314592
2086,3950,clase-interna,2,,
2087,3954,dbase,4,,
2088,3960,documentbuilder,2,,
2089,3962,estadística,17,,
2090,3964,executorservice,5,316304,316303
2091,3966,webpacker,2,,
2092,3970,liferay-6,2,,
2093,3974,dojo,3,,
2094,3975,ping,6,,
2095,3978,google-apps-script-simple-triggers,3,,
2096,3980,apache-pdfbox,2,317343,317342
2097,3982,azure-aad,3,,
2098,3984,vue-cli,11,,
2099,3985,javafx11,4,,
2100,3986,refresh,8,,
2101,3988,presto,1,317946,317945
2102,3991,react-axios,9,,
2103,3997,dusk,4,,
2104,3998,quasar,8,,
2105,3999,vbs,6,319152,319151
2106,4000,scrap,3,,
2107,4001,contentvalues,3,,
2108,4006,look-and-feel,6,319845,319844
2109,4008,sikuli,2,,
2110,4009,sencha,4,,
2111,4010,estilos,16,,
2112,4015,traefik,3,320151,320150
2113,4017,auth,22,,
2114,4018,material-ui,23,,
2115,4022,docstrings,2,320477,320476
2116,4023,aplicación-movil,25,,
2117,4024,isset,5,390204,390203
2118,4027,codificacion,4,,
2119,4029,httpservletresponse,3,,
2120,4030,tuplas,16,,
2121,4031,events,10,,
2122,4032,ffmpeg,9,385214,385213
2123,4033,wordpress-attributes-dropdown,4,,
2124,4034,ubuntu-server,27,,
2125,4035,input-file,9,,
2126,4038,twilio,6,322240,322239
2127,4040,delphi-rio,5,,
2128,4041,wifi,16,,
2129,4043,input,149,,
2130,4044,textfield,7,,
2131,4048,dax,23,323079,323078
2132,4049,visual,82,,
2133,4050,studio,66,,
2134,4051,jsx,29,,
2135,4054,html-video,21,323752,323751
2136,4055,multiple,17,,
2137,4059,cognito,3,,
2138,4060,ssas,5,,
2139,4061,dash,12,,
2140,4062,mdx,6,387944,387943
2141,4064,animacion-css,5,,
2142,4065,edge,4,,
2143,4072,pickle,7,,
2144,4073,server,66,,
2145,4076,framework,15,,
2146,4080,phpseclib,3,,
2147,4082,exportar,18,,
2148,4084,adminlte,23,363613,363612
2149,4085,card,6,,
2150,4086,height,6,,
2151,4087,viewpager,12,,
2152,4089,registro,32,,
2153,4091,jpl,3,,
2154,4092,style,28,,
2155,4093,compilacion,16,,
2156,4095,status-bar,3,,
2157,4100,acentos,7,,
2158,4101,tildes,6,,
2159,4102,id,28,,
2160,4104,image-view,6,,
2161,4108,text-color,5,,
2162,4109,background,31,,
2163,4111,pyside2,8,357943,357942
2164,4113,gallery,4,,
2165,4115,overflow,7,,
2166,4116,card-body,2,,
2167,4117,lamp,3,,
2168,4118,dialog,8,,
2169,4126,jsch,7,330242,330241
2170,4127,db4o,3,,
2171,4131,wsl,6,330704,330703
2172,4132,reshape,3,,
2173,4134,scroll-view,10,,
2174,4140,hamcrest,1,333003,333002
2175,4141,drawerlayout,2,,
2176,4150,sequelize,36,,
2177,4152,input-type,14,,
2178,4154,keyboard,7,,
2179,4157,navigation-drawer,29,,
2180,4159,js-cookie,4,,
2181,4160,cuda,8,,
2182,4162,zebra,5,,
2183,4163,zpl,3,,
2184,4164,timezone,6,,
2185,4166,puredata,1,333160,333159
2186,4171,matriz,81,,
2187,4181,react-hooks,114,351239,351238
2188,4182,mssql,21,335419,335418
2189,4184,names,5,,
2190,4185,reactphp,2,,
2191,4186,access-control-allow-origen,2,,
2192,4188,explode,4,,
2193,4201,angular9,69,,
2194,4205,opencl,2,,
2195,4206,ml.net,1,338574,338573
2196,4207,basex,3,,
2197,4210,filereader,12,,
2198,4211,putty,7,341915,341914
2199,4217,instapy,2,,
2200,4218,server-side-rendering,6,,
2201,4222,bulma,7,,
2202,4226,jpanel,37,,
2203,4227,matter.js,1,341911,341910
2204,4230,sqflite,5,,
2205,4232,snippets,6,,
2206,4234,widget,18,,
2207,4236,android-corrutinas,3,,
2208,4238,geolocation-api,2,,
2209,4239,sum,21,,
2210,4240,mongotemplate,2,,
2211,4242,programacion-asincrona,10,,
2212,4244,codeigniter-4,17,344806,344805
2213,4248,collection,9,,
2214,4249,google-cloud-storage,17,343694,343693
2215,4252,mapa,17,,
2216,4253,gridlayaout,5,,
2217,4255,repaint,3,,
2218,4257,tab,8,,
2219,4258,nsis,3,,
2220,4260,mouselistener,4,,
2221,4261,odoo10,3,,
2222,4270,position,16,,
2223,4272,column,23,,
2224,4274,uikit,2,,
2225,4276,slq-server,2,,
2226,4277,react-router-dom,42,,
2227,4279,calendarview,5,,
2228,4281,plot,20,,
2229,4282,app-store,5,,
2230,4286,flask-restful,4,,
2231,4287,python-3.8,32,,
2232,4288,display,9,,
2233,4289,dialogflow,18,,
2234,4290,date-format,8,,
2235,4291,queue,14,,
2236,4293,google-colab,17,,
2237,4294,googlepagespeed,2,,
2238,4295,connection,12,355924,355923
2239,4297,cmder,4,,
2240,4298,bxslider,3,,
2241,4300,traefik2,3,,
2242,4301,anova,3,409447,409446
2243,4302,glm,9,,
2244,4303,rotativa,5,,
2245,4306,gramatica-libre-de-contexto,2,349591,349590
2246,4307,signals,3,,
2247,4308,pydot,3,349919,349918
2248,4309,proxmox,2,355332,355331
2249,4310,archivo-de-propiedades,25,350365,350364
2250,4311,jasypt,1,350388,350387
2251,4313,documentacion,3,,
2252,4315,modulos,27,,
2253,4316,exports,3,,
2254,4317,module.exports,4,,
2255,4318,netbeans-11.3,10,,
2256,4319,headless,2,,
2257,4322,maven-compiler-plugin,4,353722,353721
2258,4325,jfilechooser,10,355274,355273
2259,4327,git-rebase,2,,
2260,4331,checkout,4,355266,355265
2261,4336,binary-files,6,,
2262,4337,laragon,13,353716,353715
2263,4339,yolo,3,353712,353711
2264,4340,yolov3,2,,
2265,4341,labelimg,2,,
2266,4342,cloud-linux,2,,
2267,4344,focus,5,,
2268,4348,replaceall,3,,
2269,4351,replace,17,,
2270,4355,stata,11,354572,354571
2271,4357,extensiones,13,,
2272,4358,self,3,,
2273,4359,this,11,,
2274,4360,static,14,,
2275,4365,imageicon,2,,
2276,4366,jlabel,12,,
2277,4368,python-import,62,354983,354982
2278,4369,setuptools,2,,
2279,4370,lerna,1,355257,355256
2280,4371,javascript-import,21,,
2281,4372,java-import,10,355538,355537
2282,4374,summernote,2,,
2283,4375,pipeline,3,,
2284,4378,anaconda3,12,,
2285,4379,tablerowsorter,3,,
2286,4380,refreshtoken,8,,
2287,4381,autenticacion,4,,
2288,4382,yoast,2,,
2289,4383,esp8266,3,357928,357927
2290,4384,cliente,7,,
2291,4386,laravel-7,148,,
2292,4388,jdialog,6,,
2293,4389,intervention,6,,
2294,4392,algoritmos-genéticos,1,357296,357295
2295,4393,integración-continua,5,,
2296,4395,aggrid,5,,
2297,4396,vs,5,,
2298,4397,fileoutputstream,2,,
2299,4398,byte,6,,
2300,4400,yaml,4,,
2301,4405,pool,4,,
2302,4409,laravel-sanctum,5,,
2303,4411,defaulttablemodel,2,,
2304,4416,icalendar,2,361247,361246
2305,4417,deno,2,361499,361498
2306,4420,jrebel,1,362298,362297
2307,4426,rmi,1,362655,362654
2308,4427,gradient,4,,
2309,4428,radial-gradient,3,,
2310,4432,opencsv,5,363245,363244
2311,4434,middleware,7,,
2312,4442,microservices,9,,
2313,4443,msql,9,,
2314,4444,nlp,45,365465,365464
2315,4445,carga,9,,
2316,4446,preloader,4,,
2317,4447,dll,15,365559,365558
2318,4448,cvxopt,1,365561,365560
2319,4449,capacitor,10,,
2320,4452,buefy,6,,
2321,4454,netbeans-12,5,,
2322,4458,dropdown,12,,
2323,4459,r-bipartite,7,,
2324,4465,dataannotations,2,,
2325,4467,bazel,2,,
2326,4469,database-android,2,,
2327,4471,newtonsoft,5,,
2328,4472,phaser3,9,,
2329,4477,corrutinas,4,370503,370502
2330,4480,mpandroidchart,2,,
2331,4482,gitkraken-git-gui,4,,
2332,4484,pine-script,4,370700,370699
2333,4488,count,12,,
2334,4490,react-bootstrap,5,,
2335,4491,react-hook-form,4,,
2336,4492,números-complejos,4,,
2337,4494,lisp,5,388885,388884
2338,4498,datos,29,,
2339,4499,kafka,3,,
2340,4500,spark,8,,
2341,4502,drive,3,,
2342,4503,homebrew,3,373659,373658
2343,4504,linkedserver,2,,
2344,4506,windowbuilder,7,374792,374791
2345,4507,sqlsrv,4,,
2346,4508,odoo13,9,,
2347,4509,huawei-mobile-services,14,,
2348,4511,orderby,7,,
2349,4514,laravel-permission,2,,
2350,4515,spatie,4,,
2351,4520,switch,22,,
2352,4521,modificaciones,5,,
2353,4524,security,6,,
2354,4526,hierarchical-clustering,2,,
2355,4528,pyqtgraph,2,,
2356,4529,pyton,2,,
2357,4530,schema,5,,
2358,4532,moongose,7,,
2359,4533,error-403,7,,
2360,4534,acceso-prohibido,2,,
2361,4535,glsl,2,,
2362,4536,json-schema,3,379249,379248
2363,4537,strapi,2,,
2364,4538,watson,2,,
2365,4539,fread,3,,
2366,4546,hms-core,9,,
2367,4547,tr,2,,
2368,4549,vs2017,7,,
2369,4550,apply,6,,
2370,4551,laravel-livewire,25,,
2371,4555,oracle-19c,14,,
2372,4559,stm32,6,,
2373,4562,repetidos,4,,
2374,4563,google-bigquery,4,,
2375,4566,multilenguaje,2,,
2376,4568,conexión,12,,
2377,4573,github-actions,5,384344,384343
2378,4574,dotnetcore,12,391374,391373
2379,4575,console,5,,
2380,4576,nashnorn,1,383640,383639
2381,4578,bloc,3,,
2382,4581,laravel-for-backpack,2,,
2383,4582,postgresql-12,13,,
2384,4583,angular10,32,,
2385,4584,coredata,1,,
2386,4585,asm,6,388978,388977
2387,4586,assembly,6,387057,387056
2388,4587,log,13,386805,386804
2389,4588,serilog,1,388967,388966
2390,4590,godot,2,,
2391,4591,clipper,1,391371,391370
2392,4592,subclipse,1,387955,387954
2393,4594,transbank,5,,
2394,4595,mock,3,,
2395,4596,oracle-18c,8,,
2396,4597,nlog,1,386595,386594
2397,4598,elementor,8,386591,386590
2398,4599,react-data-table-component,1,,
2399,4601,qlikview,3,386603,386602
2400,4604,ui,4,,
2401,4606,wysiwyg,2,387997,387996
2402,4607,system.io,1,388991,388990
2403,4608,hana,2,386880,386879
2404,4609,ibm-watson,3,386988,386987
2405,4610,realtime-database,8,,
2406,4611,room,4,389535,389534
2407,4612,spring-jdbc,4,387406,387405
2408,4614,jdbc-template,4,,
2409,4617,manjaro,3,,
2410,4618,archlinux,3,,
2411,4619,meshroom,1,,
2412,4620,java-14,3,,
2413,4622,wagtail,1,388497,388496
2414,4623,stringr,1,388514,388513
2415,4624,laravel-8,55,,
2416,4625,xml-rpc,1,388981,388980
2417,4626,collect,1,,
2418,4627,kali-linux,9,,
2419,4628,libxml2,2,,
2420,4629,contenedor,2,,
2421,4630,pywavelets,1,,
2422,4632,huelladigital,2,,
2423,4633,routing,6,,
2424,4634,dependencyinjection,2,,
2425,4635,max-width,1,,
2426,4636,size,4,,
2427,4642,nullinjector,1,,
2428,4644,traducción,18,,
2429,4645,no-provider-for-breakpointobserver,1,,
2430,4646,append,6,,
2431,4647,sig,1,,
2432,4648,dev-tools,5,,
2433,4649,lighthouse,2,392929,392928
2434,4650,winsw,1,391379,391378
2435,4651,connector,1,,
2436,4652,laravel-jetstream,12,,
2437,4653,r-data.table,1,,
2438,4656,appsettings,1,,
2439,4657,kestrel,1,391807,391806
2440,4658,knob,1,,
2441,4659,dto,1,,
2442,4660,scayt,1,,
2443,4661,ng-new,1,,
2444,4662,nuevo-proyecto,2,,
2445,4663,microdatos,1,,
2446,4664,scheme,4,,
2447,4665,apache-netbeans,3,,
2448,4666,next.js,17,402035,402034
2449,4667,certbot,2,,
2450,4668,laravelhomestead,1,,
2451,4670,python-networkx,4,,
2452,4671,flex-layout,3,,
2453,4672,width,5,,
2454,4673,flot,2,392932,392931
2455,4674,echarts,3,392917,392916
2456,4675,android.studio,2,,
2457,4676,git-update,1,,
2458,4677,git-pull,5,,
2459,4681,slq,2,,
2460,4685,microsoft-graph,4,393674,393673
2461,4686,httpresponse,2,,
2462,4688,vhdl,5,394363,394362
2463,4689,xmlhttprequest,6,405798,405797
2464,4690,python3.6,3,,
2465,4692,vendor,1,,
2466,4693,publish,3,,
2467,4694,basemap,2,,
2468,4695,codepen,1,,
2469,4696,adr,1,,
2470,4697,visual-studio-sdk,1,,
2471,4698,mef-component,1,,
2472,4699,mef,1,,
2473,4702,crono,1,,
2474,4703,viewbinding,1,,
2475,4704,transition,2,,
2476,4708,kbhit,1,396291,396290
2477,4709,getch,1,396289,396288
2478,4711,variables-de-configuración,2,,
2479,4712,vis-js,1,397851,397850
2480,4713,vis-js-network,1,,
2481,4714,modbus,2,397836,397835
2482,4716,uuid,1,,
2483,4717,jsonwebtoken,2,,
2484,4718,inertia.js,5,,
2485,4719,php-5.6,2,,
2486,4720,highlightjs,1,,
2487,4726,host-checker,1,,
2488,4727,user,1,,
2489,4728,confirmar,2,,
2490,4731,jquery-ui-datepicker,5,400248,400247
2491,4732,bootstrap-datepicker,5,400309,400308
2492,4734,jquery-ui-timepicker-addon,1,400316,400315
2493,4735,jquery-datetimepicker,1,,
2494,4736,raku,4,,
2495,4738,mat-table,3,,
2496,4739,mat-paginator,1,,
2497,4740,paginacion,4,,
2498,4741,menu,19,,
2499,4743,geckodriver,3,402103,402102
2500,4744,pdftron,1,,
2501,4745,jax-ws,3,401707,401706
2502,4747,guards,2,,
2503,4748,openapi,2,,
2504,4749,minikube,1,,
2505,4750,replicaset,1,,
2506,4751,google-data-studio,1,,
2507,4753,echo,5,,
2508,4754,repositorio,3,,
2509,4756,aspectj,2,,
2510,4757,aop,2,,
2511,4758,barras,3,,
2512,4760,componentes,10,,
2513,4761,compartir-información,3,,
2514,4763,texto,8,,
2515,4764,ajustar-texto,2,,
2516,4765,vue-recaptcha,2,,
2517,4766,new-relic,1,,
2518,4767,gridfs,3,403084,403083
2519,4768,bootstrap-file-input,3,,
2520,4769,salto-de-linea,3,,
2521,4770,opentk,2,403230,403229
2522,4772,tree,6,,
2523,4773,vanilla,4,,
2524,4774,explain,1,,
2525,4775,pull,3,,
2526,4779,gatsby,7,403731,403730
2527,4780,ngx-translate,1,,
2528,4781,getupdates,1,,
2529,4782,telegram.bot,1,,
2530,4783,doxygen,1,,
2531,4784,escritorio-remoto,2,,
2532,4785,.bat,6,406190,406189
2533,4788,infragistics,2,,
2534,4790,blueprism,3,405285,405284
2535,4791,interpolacion,4,,
2536,4792,semver,1,,
2537,4793,gdi,2,405530,405529
2538,4794,apache-axis,2,,
2539,4795,rewriterule,3,,
2540,4796,directivas,3,,
2541,4797,prompt,10,,
2542,4799,tts,2,,
2543,4800,voces,1,,
2544,4801,segfault,2,,
2545,4802,postgresql-13,7,,
2546,4803,livewire,9,,
2547,4804,rowreorder,1,406638,406637
2548,4805,ember-cli,2,406665,406664
2549,4806,frontend-maven-plugin,2,,
2550,4807,exec-maven-plugin,1,,
2551,4810,inicializacion,2,,
2552,4811,.net-5,2,415922,415921
2553,4814,spread,1,,
2554,4815,lombscargle,1,,
2555,4817,run-script-os,1,,
2556,4818,sketchware,1,407815,407814
2557,4819,android-edittext,1,,
2558,4820,sql-server-management,2,,
2559,4821,funcionalidad,1,,
2560,4822,videoview,4,,
2561,4823,typeorm,4,408554,408553
2562,4824,jgrapht,1,408467,408466
2563,4825,java-15,1,408486,408485
2564,4826,luxon,1,,
2565,4827,forge,1,,
2566,4829,stomp,1,,
2567,4830,google-slides,1,,
2568,4831,php8,5,420190,420189
2569,4832,esquemas,1,,
2570,4834,hyper,1,,
2571,4835,setattribute,2,,
2572,4836,removeattribute,1,,
2573,4840,woocommer,1,,
2574,4841,google-analytics-reporting,2,,
2575,4842,cowplot,1,,
2576,4843,python-3.4,2,410402,410401
2577,4844,ujson,1,,
2578,4845,micropython,4,418581,418580
2579,4847,react-select,3,,
2580,4848,freemarker,1,,
2581,4849,lag,1,,
2582,4850,pie,1,,
2583,4852,collapse,3,,
2584,4853,uncontrolledcollapse,1,,
2585,4854,selector,3,,
2586,4855,shadow,1,,
2587,4858,tabulador,1,,
2588,4859,gsutil,1,,
2589,4860,js-xlsx,1,,
2590,4861,pseudoclass,1,,
2591,4862,pseudoelement,1,,
2592,4864,raspberry,4,,
2593,4865,store,5,,
2594,4866,hook,3,,
2595,4867,useeffect,3,,
2596,4868,activedirectory,1,421560,421559
2597,4870,traza,1,,
2598,4871,racket,1,413407,413406
2599,4872,filesaver,2,,
2600,4873,spatialite,1,,
2601,4874,refit,1,,
2602,4875,canvas2image,1,,
2603,4877,keyvault,1,,
2604,4878,sql-serverview,1,,
2605,4881,iohook,1,,
2606,4885,css-in-js,1,,
2607,4886,mutabilidad,1,,
2608,4887,non-static,1,,
2609,4892,sortable,2,,
2610,4894,rigidbody,1,,
2611,4895,physics2d,2,,
2612,4896,jwplayer,3,415628,415627
2613,4899,redshift,2,,
2614,4900,glmm,1,,
2615,4904,spreadsheet,1,,
2616,4905,binance,2,,
2617,4906,imgbb,1,,
2618,4907,rutas-dinamicas,2,,
2619,4908,android-biometrico,1,,
2620,4911,stimulusjs,1,418417,418416
2621,4912,elementui,3,,
2622,4914,vectores,8,,
2623,4915,mongoatlas,2,,
2624,4916,viewchildren,1,,
2625,4917,elementos,1,,
2626,4918,eliminar,2,,
2627,4919,csp,2,,
2628,4920,swoole,1,419398,419397
2629,4923,lxterminal,1,,
2630,4924,python-3.9,2,,
2631,4925,mypy,1,,
2632,4926,typehints,1,,
2633,4927,match,1,,
2634,4929,pdf.js,1,,
2635,4930,pdfjslib,1,,
2636,4932,server-side,1,421178,421177
2637,4934,nextjs,6,,
2638,4938,tailwind,8,,
2639,4939,semaphore,1,,
2640,4940,instancias,1,,
2641,4942,xilinx,1,424226,424225
2642,4943,yocto,2,,
2643,4944,multi-index,1,,
2644,4945,statsmodels,1,422393,422392
2645,4947,boxplot,1,422737,422736
2646,4949,hashcode,1,,
2647,4950,jerarquía,2,424461,424460
2648,4958,vhosts,1,,
2649,4961,label,3,,
2650,4966,drupal9,7,,
2651,4967,ivalueconverter,1,,
2652,4968,ordenar,1,,
2653,4969,identityuser,1,,
2654,4971,asp.net-core-5.0,1,,
2655,4973,bitnami,2,,
2656,4974,nusoap,1,427444,427443
2657,4975,materialdatepicker,1,,
2658,4978,delimitador,1,,
2659,4979,doblecomilla,1,,
2660,4980,fgetcsv,2,,
2661,4981,programación-reactiva,1,,
2662,4984,codenarc,1,,
2663,4986,crashlytics,1,,
2664,4987,contacto,1,,
2665,4989,proguard,1,,
2666,4990,rbind,1,,
2667,4991,dplyr,1,,
2668,4992,pytube,1,,
2669,4993,delimiter,1,,
2670,4995,posicionamiento,1,,
2671,4996,bitmapfactory,1,,
2672,4997,destructor,1,,
2673,4998,formrequest,1,,
2674,4999,error500,1,,
2675,5000,grub,1,,
2676,5001,x11,1,,
2677,5002,quartz,1,,
2678,5003,crontrigger,1,,
2679,5005,iife,1,,
2680,5006,ucfirst,1,,
2681,5007,strtolower,1,,
2682,5008,mysql-connect,1,,
2683,5009,angular11,2,,
2684,5010,blog,1,,
2685,5011,routerlink,1,,
2686,5012,mysql-8,1,,
2687,5013,untagged,1,,
2688,5014,ngmodule,1,,
2689,5015,graph,1,,
